"","asv","direction","domain","conf.d","phylum","conf.p","class","conf.c","order","conf.o","family","conf.f","genus","conf.g","species","conf.s","num"
"ASV3","ASV3","+","Fungi",100,"Ascomycota",100,"Dothideomycetes",100,"Capnodiales",100,"Mycosphaerellaceae",100,"Davidiella",100,"Davidiella_tassiana|SH196750.06FU",100,3
"ASV6","ASV6","+","Fungi",100,"Ascomycota",97,"Dothideomycetes",100,"Capnodiales",100,"Mycosphaerellaceae",100,"Dissoconium",99,"Dissoconium_sp_GS_2011|SH197940.06FU",99,6
"ASV7","ASV7","+","Fungi",100,"Ascomycota",100,"Dothideomycetes",100,"Pleosporales",100,"Pleosporales_Incertae sedis",98,"Phoma",98,"Phoma_brasiliensis|SH202145.06FU",100,7
"ASV8","ASV8","+","Fungi",100,"Ascomycota",100,"Dothideomycetes",100,"Pleosporales",100,"Pleosporaceae",100,"Alternaria",100,"Alternaria alternata",73,8
"ASV12","ASV12","+","Fungi",100,"Basidiomycota",100,"Microbotryomycetes",100,"Sporidiobolales",100,"Sporidiobolaceae",100,"Sporidiobolus",100,"Sporobolomyces ruberrimus",94,12
"ASV13","ASV13","+","Fungi",100,"Ascomycota",100,"Dothideomycetes",100,"Capnodiales",100,"Mycosphaerellaceae",100,"Mycosphaerella",100,"Sphaerulina_pseudovirgaureae|SH212655.06FU",72,13
"ASV14","ASV14","+","Fungi",100,"Ascomycota",100,"Dothideomycetes",100,"Pleosporales",100,"Pleosporales_Incertae sedis",87,"Phoma",87,"",63,14
"ASV15","ASV15","+","Fungi",100,"Ascomycota",100,"Dothideomycetes",100,"Capnodiales",100,"Mycosphaerellaceae",100,"Mycosphaerella",100,"Uwebraunia commune",99,15
"ASV16","ASV16","+","Fungi",100,"Ascomycota",100,"Dothideomycetes",100,"Capnodiales",100,"Mycosphaerellaceae",100,"Mycosphaerella",100,"Mycosphaerella lateralis",82,16
"ASV17","ASV17","+","Fungi",100,"Ascomycota",100,"Dothideomycetes",100,"Capnodiales",100,"Mycosphaerellaceae",100,"Davidiella",100,"Davidiella macrospora",74,17
"ASV19","ASV19","+","Fungi",100,"Ascomycota",83,"Dothideomycetes",72,"Pleosporales",72,"Phaeosphaeriaceae",100,"Eudarluca",100,"Eudarluca_caricis|SH225744.06FU",100,19
"ASV20","ASV20","+","Fungi",100,"Ascomycota",100,"Dothideomycetes",100,"Pleosporales",100,"Didymellaceae",100,"",51,"",33,20
"ASV21","ASV21","+","Fungi",100,"Ascomycota",100,"Dothideomycetes",100,"Pleosporales",100,"Pleosporales_Incertae sedis",100,"Phoma",100,"Phoma paspali",100,21
"ASV22","ASV22","+","Fungi",100,"Basidiomycota",100,"Microbotryomycetes",100,"Sporidiobolales",100,"Sporidiobolaceae",99,"Sporidiobolus",99,"Sporobolomyces_ruberrimus|SH196707.06FU",100,22
"ASV24","ASV24","+","Fungi",100,"Ascomycota",99,"Dothideomycetes",99,"Pleosporales",98,"Phaeosphaeriaceae",84,"Ascomycota_unidentified_1_1",96,"",62,24
"ASV25","ASV25","+","Fungi",100,"Basidiomycota",100,"Tremellomycetes",100,"Cystofilobasidiales",100,"Cystofilobasidiaceae",100,"Udeniomyces",100,"Udeniomyces megalosporus",100,25
"ASV26","ASV26","+","Fungi",100,"Ascomycota",100,"Dothideomycetes",100,"Pleosporales",100,"Phaeosphaeriaceae",95,"Phaeosphaeria",95,"Phaeosphaeria sp 1 MM_2012",78,26
"ASV27","ASV27","+","Fungi",100,"Basidiomycota",100,"Microbotryomycetes",100,"Sporidiobolales",100,"Sporidiobolaceae",100,"Sporidiobolus",100,"Sporidiobolus pararoseus",100,27
"ASV28","ASV28","+","Fungi",100,"Ascomycota",100,"Dothideomycetes",100,"Capnodiales",100,"Schizothyriaceae",100,"Zygophiala",100,"Schizothyriaceae_sp|SH232271.06FU",97,28
"ASV29","ASV29","+","Fungi",100,"Basidiomycota",100,"Tremellomycetes",100,"Tremellales",100,"Tremellales_Incertae sedis",100,"Bulleromyces",100,"Bulleromyces_albus|SH234350.06FU",100,29
"ASV30","ASV30","+","Fungi",100,"Ascomycota",99,"Dothideomycetes",99,"Pleosporales",99,"Phaeosphaeriaceae",96,"Phaeosphaeriopsis",94,"Phaeosphaeria oryzae",90,30
"ASV31","ASV31","+","Fungi",100,"Ascomycota",100,"Dothideomycetes",100,"Capnodiales",100,"Mycosphaerellaceae",100,"Mycosphaerella",100,"Mycosphaerella lateralis",96,31
"ASV32","ASV32","+","Fungi",100,"Ascomycota",79,"",11,"",7,"",6,"",6,"",4,32
"ASV33","ASV33","+","Fungi",100,"Ascomycota",100,"Dothideomycetes",100,"Pleosporales",100,"Phaeosphaeriaceae",94,"Phaeosphaeria",94,"Phaeosphaeria sp 1 MM_2012",82,33
"ASV34","ASV34","+","Fungi",100,"Basidiomycota",98,"Exobasidiomycetes",89,"Entylomatales",77,"Entylomataceae",77,"Entyloma",77,"Exobasidiomycetes_sp|SH230059.06FU",100,34
"ASV35","ASV35","+","Fungi",100,"Basidiomycota",99,"Tremellomycetes",99,"Tremellales",99,"Tremellales_Incertae sedis",98,"Hannaella",97,"Hannaella oryzae",97,35
"ASV36","ASV36","+","Fungi",100,"Basidiomycota",100,"Tremellomycetes",100,"Tremellales",100,"Tremellaceae",100,"Cryptococcus",100,"Cryptococcus magnus",99,36
"ASV38","ASV38","+","Fungi",100,"Ascomycota",95,"Dothideomycetes",77,"Capnodiales",77,"",17,"",1,"",1,38
"ASV39","ASV39","+","Fungi",100,"Ascomycota",100,"Dothideomycetes",100,"Capnodiales",100,"Mycosphaerellaceae",100,"Mycosphaerella",100,"",51,39
"ASV40","ASV40","+","Fungi",100,"Basidiomycota",100,"Microbotryomycetes",100,"Sporidiobolales",100,"Sporidiobolaceae",99,"Sporidiobolus",99,"Sporobolomyces ruberrimus",73,40
"ASV41","ASV41","+","Fungi",100,"Basidiomycota",99,"Tremellomycetes",99,"Tremellales",99,"Tremellaceae",97,"Cryptococcus",97,"Cryptococcus luteolus",97,41
"ASV42","ASV42","+","Fungi",100,"Basidiomycota",100,"Tremellomycetes",100,"Tremellales",100,"Tremellales_Incertae sedis",100,"Hannaella",100,"Hannaella zeae",100,42
"ASV43","ASV43","+","Fungi",100,"Ascomycota",98,"Dothideomycetes",95,"Pleosporales",93,"Pleosporaceae",78,"Dothideomycetes_unidentified_1",100,"Dothideomycetes_sp|SH225320.06FU",100,43
"ASV44","ASV44","+","Fungi",100,"Basidiomycota",97,"Exobasidiomycetes",85,"Exobasidiomycetes_unidentified",100,"Exobasidiomycetes_unidentified_1",100,"Exobasidiomycetes_unidentified_1",100,"Exobasidiomycetes_sp|SH230060.06FU",97,44
"ASV45","ASV45","+","Fungi",100,"",63,"",5,"",5,"",4,"",4,"",3,45
"ASV46","ASV46","+","Fungi",100,"Ascomycota",100,"Dothideomycetes",100,"Pleosporales",100,"Pleosporaceae",97,"Epicoccum",97,"Epicoccum sorghi",97,46
"ASV47","ASV47","+","Fungi",100,"Basidiomycota",100,"Tremellomycetes",100,"Tremellales",100,"Tremellales_Incertae sedis",100,"Bullera",100,"Cryptococcus cellulolyticus",79,47
"ASV48","ASV48","+","Fungi",100,"Ascomycota",100,"Dothideomycetes",99,"Capnodiales",99,"Mycosphaerellaceae",99,"Mycosphaerella",91,"",60,48
"ASV49","ASV49","+","Fungi",100,"Ascomycota",100,"Dothideomycetes",100,"Pleosporales",100,"Didymellaceae",100,"Leptosphaerulina",100,"Leptosphaerulina chartarum",100,49
"ASV50","ASV50","+","Fungi",100,"Ascomycota",94,"Dothideomycetes",92,"Pleosporales",91,"Pleosporaceae",77,"Dothideomycetes_unidentified_1",100,"Dothideomycetes_sp|SH225320.06FU",100,50
"ASV51","ASV51","+","Fungi",100,"Ascomycota",100,"Dothideomycetes",100,"Pleosporales",100,"Phaeosphaeriaceae",100,"Phaeosphaeriopsis",100,"Phaeosphaeria oryzae",89,51
"ASV52","ASV52","+","Fungi",100,"Ascomycota",100,"Sordariomycetes",100,"Hypocreales",100,"Nectriaceae",100,"Gibberella",90,"Ascomycota_sp|SH217298.06FU",95,52
"ASV54","ASV54","+","Fungi",100,"Ascomycota",100,"Dothideomycetes",100,"Pleosporales",100,"Didymellaceae",100,"",61,"",61,54
"ASV55","ASV55","+","Fungi",100,"Ascomycota",100,"Dothideomycetes",100,"Pleosporales",100,"Phaeosphaeriaceae",92,"Phaeosphaeria",92,"Phaeosphaeria sp 1 MM_2012",77,55
"ASV56","ASV56","+","Fungi",100,"Ascomycota",97,"Dothideomycetes",95,"Pleosporales",95,"Phaeosphaeriaceae",87,"Phaeosphaeriopsis",81,"Phaeosphaeria oryzae",81,56
"ASV57","ASV57","+","Fungi",100,"Basidiomycota",100,"Tremellomycetes",100,"Tremellales",100,"Tremellales_Incertae sedis",100,"Dioszegia",100,"Dioszegia zsoltii",85,57
"ASV58","ASV58","+","Fungi",100,"Ascomycota",81,"Dothideomycetes",77,"Pleosporales",73,"Incertae_sedis_19",80,"Leptospora",80,"Leptospora_rubella|SH213116.06FU",79,58
"ASV59","ASV59","+","Fungi",100,"Ascomycota",100,"Sordariomycetes",100,"Xylariales",100,"Hyponectriaceae",100,"Monographella",84,"Monographella albescens",84,59
"ASV60","ASV60","+","Fungi",100,"Ascomycota",78,"Dothideomycetes",70,"",28,"",28,"",28,"",26,60
"ASV61","ASV61","+","Fungi",100,"Basidiomycota",100,"Microbotryomycetes",100,"Sporidiobolales",100,"Sporidiobolales_Incertae sedis",100,"Sporobolomyces",100,"Sporobolomyces coprosmae",93,61
"ASV63","ASV63","+","Fungi",100,"Ascomycota",100,"Sordariomycetes",100,"Hypocreales",100,"Nectriaceae",100,"Gibberella",94,"Fusarium equiseti",80,63
"ASV64","ASV64","+","Fungi",100,"Ascomycota",100,"Dothideomycetes",100,"Pleosporales",100,"Phaeosphaeriaceae",97,"Phaeosphaeria",97,"Phaeosphaeria sp 1 MM_2012",81,64
"ASV65","ASV65","+","Fungi",100,"Basidiomycota",100,"Tremellomycetes",100,"Tremellales",100,"Tremellales_Incertae sedis",100,"Bullera",100,"Bullera penniseticola",100,65
"ASV66","ASV66","+","Fungi",100,"Ascomycota",100,"Dothideomycetes",100,"Pleosporales",100,"Phaeosphaeriaceae",99,"Phaeosphaeria",99,"Phaeosphaeria sp 1 MM_2012",92,66
"ASV67","ASV67","+","Fungi",100,"Basidiomycota",100,"Cystobasidiomycetes",100,"Erythrobasidiales",100,"Erythrobasidiales_Incertae sedis",100,"Erythrobasidium",100,"Sporobolomyces yunnanensis",100,67
"ASV68","ASV68","+","Fungi",100,"",60,"",31,"",31,"",24,"",23,"",23,68
"ASV69","ASV69","+","Fungi",100,"Ascomycota",94,"Dothideomycetes",92,"Pleosporales",91,"Pleosporaceae",78,"Dothideomycetes_unidentified_1",100,"Dothideomycetes_sp|SH225320.06FU",100,69
"ASV70","ASV70","+","Fungi",100,"Basidiomycota",100,"Ustilaginomycetes",100,"Ustilaginales",100,"Ustilaginaceae",100,"Pseudozyma",100,"Pseudozyma_sp_Vega417|SH241684.06FU",100,70
"ASV72","ASV72","+","Fungi",100,"Ascomycota",100,"Sordariomycetes",100,"Hypocreales",100,"Nectriaceae",100,"Gibberella",99,"Fusarium cerealis",80,72
"ASV73","ASV73","+","Fungi",100,"Ascomycota",95,"Dothideomycetes",83,"Capnodiales",83,"",14,"",0,"",0,73
"ASV74","ASV74","+","Fungi",100,"Ascomycota",100,"Dothideomycetes",100,"Capnodiales",100,"Mycosphaerellaceae",100,"Davidiella",99,"Davidiella_tassiana|SH196750.06FU",100,74
"ASV75","ASV75","+","Fungi",100,"Ascomycota",78,"Dothideomycetes",72,"Incertae_sedis_8",100,"Incertae_sedis_19",100,"Leptospora",100,"Leptospora_rubella|SH213116.06FU",100,75
"ASV76","ASV76","+","Fungi",100,"Ascomycota",100,"Dothideomycetes",100,"Dothideales",100,"Dothioraceae",100,"Kabatiella",100,"",54,76
"ASV77","ASV77","+","Fungi",100,"Basidiomycota",99,"Tremellomycetes",99,"Tremellales",99,"Tremellaceae",98,"Cryptococcus",98,"Cryptococcus_victoriae|SH198055.06FU",86,77
"ASV78","ASV78","+","Fungi",100,"Basidiomycota",99,"Tremellomycetes",97,"Tremellales",97,"Tremellales_Incertae sedis",97,"Hannaella",96,"Hannaella coprosmaensis",76,78
"ASV79","ASV79","+","Fungi",100,"Basidiomycota",98,"Tremellomycetes",93,"Tremellales",93,"Tremellales_Incertae sedis",93,"Bullera",91,"Bullera variabilis",91,79
"ASV80","ASV80","+","Fungi",100,"Basidiomycota",100,"Tremellomycetes",100,"Tremellales",100,"Tremellales_Incertae sedis",100,"Hannaella",100,"Hannaella coprosmaensis",100,80
"ASV81","ASV81","+","Fungi",100,"Ascomycota",99,"Dothideomycetes",99,"Pleosporales",99,"Phaeosphaeriaceae",98,"Phaeosphaeriopsis",98,"Phaeosphaeria oryzae",91,81
"ASV82","ASV82","+","Fungi",100,"Ascomycota",100,"Dothideomycetes",100,"Dothideomycetes_unidentified",90,"Dothideomycetes_unidentified_1",90,"Dothideomycetes_unidentified_1",90,"",25,82
"ASV83","ASV83","+","Fungi",100,"Ascomycota",100,"Dothideomycetes",100,"Pleosporales",100,"Phaeosphaeriaceae",100,"Phaeosphaeria",100,"Stagonospora_pseudovitensis|SH199974.06FU",83,83
"ASV84","ASV84","+","Fungi",100,"Basidiomycota",99,"Tremellomycetes",99,"Tremellales",99,"Tremellales_Incertae sedis",99,"Kockovaella",95,"",42,84
"ASV85","ASV85","+","Fungi",100,"Basidiomycota",100,"Tremellomycetes",100,"Cystofilobasidiales",100,"Cystofilobasidiaceae",100,"Udeniomyces",100,"Udeniomyces pyricola",100,85
"ASV86","ASV86","+","Fungi",100,"Basidiomycota",100,"Ustilaginomycetes",100,"Ustilaginales",100,"Ustilaginaceae",100,"Pseudozyma",100,"Pseudozyma aphidis",90,86
"ASV87","ASV87","+","Fungi",100,"Basidiomycota",100,"Tremellomycetes",100,"Tremellales",100,"Tremellaceae",100,"Cryptococcus",100,"Cryptococcus victoriae",100,87
"ASV89","ASV89","+","Fungi",100,"Basidiomycota",98,"Tremellomycetes",98,"Tremellales",98,"Tremellales_Incertae sedis",96,"Kockovaella",91,"",41,89
"ASV90","ASV90","+","Fungi",100,"Basidiomycota",100,"Microbotryomycetes",100,"Sporidiobolales",100,"Sporidiobolales_Incertae sedis",100,"Sporobolomyces",100,"Sporobolomyces vermiculatus",90,90
"ASV91","ASV91","+","Fungi",100,"Basidiomycota",100,"Tremellomycetes",100,"Tremellales",100,"Tremellales_Incertae sedis",100,"Hannaella",100,"Hannaella sinensis",100,91
"ASV92","ASV92","+","Fungi",100,"Ascomycota",100,"Dothideomycetes",100,"Pleosporales",100,"Phaeosphaeriaceae",98,"Phaeosphaeria",98,"Phaeosphaeria herpotrichoides",93,92
"ASV93","ASV93","+","Fungi",100,"Basidiomycota",100,"Tremellomycetes",99,"Tremellales",99,"Tremellales_Incertae sedis",99,"Hannaella",98,"Hannaella sinensis",98,93
"ASV94","ASV94","+","Fungi",100,"Ascomycota",100,"Dothideomycetes",100,"Capnodiales",100,"Mycosphaerellaceae",100,"Dissoconium",100,"Dissoconium aciculare",88,94
"ASV95","ASV95","+","Fungi",100,"Ascomycota",76,"Dothideomycetes",70,"",29,"",29,"",29,"",27,95
"ASV96","ASV96","+","Fungi",100,"Ascomycota",99,"Dothideomycetes",99,"Pleosporales",98,"Phaeosphaeriaceae",84,"Ascomycota_unidentified_1_1",95,"Ascomycota_sp|SH207016.06FU",70,96
"ASV97","ASV97","+","Fungi",100,"Basidiomycota",100,"Tremellomycetes",100,"Tremellales",100,"Tremellaceae",100,"Cryptococcus",100,"Cryptococcus aureus",99,97
"ASV98","ASV98","+","Fungi",100,"Basidiomycota",100,"Tremellomycetes",100,"Tremellales",100,"Tremellaceae",100,"Cryptococcus",100,"Cryptococcus oeirensis",100,98
"ASV99","ASV99","+","Fungi",100,"Ascomycota",93,"",67,"",67,"",67,"",67,"",67,99
"ASV100","ASV100","+","Fungi",100,"Ascomycota",94,"Dothideomycetes",92,"Pleosporales",91,"Pleosporaceae",78,"Dothideomycetes_unidentified_1",100,"Dothideomycetes_sp|SH225320.06FU",100,100
"ASV101","ASV101","+","Fungi",100,"Basidiomycota",99,"Tremellomycetes",99,"Tremellales",99,"Tremellales_Incertae sedis",99,"Hannaella",99,"Hannaella_sp|SH237054.06FU",99,101
"ASV102","ASV102","+","Fungi",100,"Ascomycota",100,"Dothideomycetes",100,"Pleosporales",100,"Phaeosphaeriaceae",100,"Ophiosphaerella",100,"Ophiosphaerella agrostis",100,102
"ASV103","ASV103","+","Fungi",100,"Ascomycota",97,"Dothideomycetes",95,"Pleosporales",95,"Phaeosphaeriaceae",94,"Phaeosphaeriopsis",90,"Phaeosphaeria oryzae",89,103
"ASV104","ASV104","+","Fungi",100,"Ascomycota",100,"Dothideomycetes",100,"Pleosporales",100,"Didymellaceae",100,"Leptosphaerulina",82,"Leptosphaerulina australis",82,104
"ASV105","ASV105","+","Fungi",100,"Basidiomycota",99,"Exobasidiomycetes",87,"Entylomatales",77,"Entylomataceae",77,"Entyloma",77,"Exobasidiomycetes_sp|SH230059.06FU",98,105
"ASV106","ASV106","+","Fungi",100,"Basidiomycota",99,"Tremellomycetes",92,"Tremellales",91,"Tremellales_Incertae sedis",91,"Hannaella",90,"Hannaella_sp_CMON52|SH197181.06FU",100,106
"ASV107","ASV107","+","Fungi",100,"Ascomycota",100,"Dothideomycetes",100,"Capnodiales",100,"Mycosphaerellaceae",100,"Dissoconium",100,"Dissoconium aciculare",99,107
"ASV108","ASV108","+","Fungi",100,"Ascomycota",99,"Dothideomycetes",99,"Pleosporales",99,"Phaeosphaeriaceae",98,"Phaeosphaeriopsis",89,"Phaeosphaeria oryzae",86,108
"ASV109","ASV109","+","Fungi",100,"Basidiomycota",99,"Tremellomycetes",97,"Tremellales",97,"Tremellales_Incertae sedis",96,"Hannaella",96,"Hannaella oryzae",96,109
"ASV110","ASV110","+","Fungi",100,"Ascomycota",100,"Dothideomycetes",96,"Capnodiales",96,"Mycosphaerellaceae",96,"",36,"",36,110
"ASV111","ASV111","+","Fungi",100,"Ascomycota",94,"Sordariomycetes",100,"Incertae_sedis_7",100,"Magnaporthaceae",100,"Pyricularia",100,"Pyricularia_sp|SH230953.06FU",100,111
"ASV112","ASV112","+","Fungi",100,"Basidiomycota",100,"Tremellomycetes",100,"Tremellales",100,"Tremellales_Incertae sedis",100,"Dioszegia",99,"Dioszegia hungarica",97,112
"ASV113","ASV113","+","Fungi",100,"Ascomycota",98,"Dothideomycetes",95,"Pleosporales",95,"Phaeosphaeriaceae",94,"Phaeosphaeriopsis",86,"Phaeosphaeria oryzae",83,113
"ASV114","ASV114","+","Fungi",100,"Basidiomycota",100,"Tremellomycetes",100,"Tremellales",100,"Tremellales_Incertae sedis",100,"Auriculibuller",100,"Auriculibuller fuscus",100,114
"ASV115","ASV115","+","Fungi",100,"Ascomycota",100,"Dothideomycetes",100,"Pleosporales",100,"Leptosphaeriaceae",96,"Neosetophoma",96,"Neosetophoma_sp|SH207000.06FU",96,115
"ASV117","ASV117","+","Fungi",100,"Basidiomycota",100,"Tremellomycetes",100,"Tremellales",100,"Tremellales_Incertae sedis",100,"Bullera",100,"Bullera penniseticola",100,117
"ASV118","ASV118","+","Fungi",100,"Ascomycota",95,"Dothideomycetes",93,"Pleosporales",89,"Fungi_unidentified_1_1",100,"Fungi_unidentified_1_1",100,"Fungi_sp|SH213113.06FU",100,118
"ASV119","ASV119","+","Fungi",100,"Basidiomycota",100,"Microbotryomycetes",100,"Sporidiobolales",100,"Sporidiobolales_Incertae sedis",100,"Sporobolomyces",100,"Sporobolomyces_oryzicola|SH215231.06FU",100,119
"ASV120","ASV120","+","Fungi",100,"",57,"",15,"",15,"",13,"",12,"",12,120
"ASV121","ASV121","+","Fungi",100,"Ascomycota",79,"Dothideomycetes",100,"Pleosporales",100,"Incertae_sedis_13",100,"Periconia",100,"Periconia_sp|SH232015.06FU",100,121
"ASV122","ASV122","+","Fungi",100,"Basidiomycota",100,"Exobasidiomycetes",100,"Exobasidiomycetidae_Incertae sedis",94,"Exobasidiomycetidae_Incertae sedis",94,"Tilletiopsis",94,"Tilletiopsis pallescens",94,122
"ASV123","ASV123","+","Fungi",100,"Basidiomycota",99,"Tremellomycetes",95,"Tremellales",95,"Tremellales_Incertae sedis",95,"Bullera",93,"Bullera variabilis",93,123
"ASV125","ASV125","+","Fungi",100,"Ascomycota",100,"Dothideomycetes",100,"Pleosporales",100,"Pleosporaceae",100,"Cochliobolus",100,"Cochliobolus_lunatus|SH224802.06FU",100,125
"ASV127","ASV127","+","Fungi",100,"Ascomycota",94,"Dothideomycetes",86,"Pleosporales",86,"",28,"",28,"",9,127
"ASV128","ASV128","+","Fungi",100,"Basidiomycota",98,"Exobasidiomycetes",85,"Entylomatales",71,"Entylomataceae",71,"Entyloma",71,"Exobasidiomycetes_sp|SH230059.06FU",100,128
"ASV129","ASV129","+","Fungi",100,"Ascomycota",86,"Dothideomycetes",73,"Pleosporales",73,"Phaeosphaeriaceae",100,"Eudarluca",100,"Eudarluca_caricis|SH225744.06FU",100,129
"ASV130","ASV130","+","Fungi",100,"Ascomycota",88,"Dothideomycetes",84,"Pleosporales",83,"Phaeosphaeriaceae",75,"",34,"",22,130
"ASV131","ASV131","+","Fungi",100,"Ascomycota",93,"Dothideomycetes",74,"Pleosporales",75,"",48,"",48,"",48,131
"ASV132","ASV132","+","Fungi",100,"Ascomycota",100,"Sordariomycetes",100,"Sordariomycetidae_Incertae sedis",99,"Plectosphaerellaceae",99,"Plectosphaerella",96,"",64,132
"ASV133","ASV133","+","Fungi",100,"Ascomycota",92,"Fungi_unidentified_1",98,"Fungi_unidentified_1",98,"Fungi_unidentified_1_1",98,"Fungi_unidentified_1_1",98,"Fungi_sp|SH189980.06FU",98,133
"ASV134","ASV134","+","Fungi",100,"Basidiomycota",100,"Microbotryomycetes",100,"Sporidiobolales",100,"Sporidiobolales_Incertae sedis",100,"Sporobolomyces",99,"Sporidiobolales_sp|SH227559.06FU",98,134
"ASV135","ASV135","+","Fungi",100,"Ascomycota",87,"Dothideomycetes",80,"Pleosporales",72,"",62,"",62,"",62,135
"ASV136","ASV136","+","Fungi",100,"Ascomycota",100,"Dothideomycetes",100,"Pleosporales",100,"Pleosporales_Incertae sedis",98,"Phoma",98,"Phoma_brasiliensis|SH202145.06FU",100,136
"ASV139","ASV139","+","Fungi",100,"Ascomycota",90,"Fungi_unidentified_1",70,"Fungi_unidentified_1",70,"Fungi_unidentified_1_1",70,"Fungi_unidentified_1_1",70,"Fungi_sp|SH189980.06FU",70,139
"ASV140","ASV140","+","Fungi",100,"Ascomycota",81,"",14,"",11,"",8,"",8,"",5,140
"ASV141","ASV141","+","Fungi",100,"Ascomycota",100,"Dothideomycetes",100,"Dothideales",100,"Dothioraceae",100,"Kabatiella",100,"",44,141
"ASV142","ASV142","+","Fungi",100,"Ascomycota",100,"Dothideomycetes",100,"Dothideales",100,"Dothioraceae",100,"Kabatiella",100,"Aureobasidium_pullulans|SH206629.06FU",85,142
"ASV143","ASV143","+","Fungi",100,"Basidiomycota",100,"Tremellomycetes",100,"Tremellales",100,"Tremellales_Incertae sedis",100,"Dioszegia",100,"",44,143
"ASV144","ASV144","+","Fungi",100,"Ascomycota",83,"",35,"",9,"",9,"",9,"",9,144
"ASV145","ASV145","+","Fungi",100,"Basidiomycota",80,"",35,"",35,"",35,"",35,"",17,145
"ASV146","ASV146","+","Fungi",100,"Basidiomycota",99,"Tremellomycetes",96,"Tremellales",96,"Tremellales_Incertae sedis",96,"Hannaella",95,"Hannaella coprosmaensis",72,146
"ASV147","ASV147","+","Fungi",100,"Basidiomycota",91,"Tremellomycetes",73,"Tremellales",70,"Incertae_sedis_12",100,"Cryptococcus_1",100,"Cryptococcus_sp_QMW_2009a|SH209978.06FU",100,147
"ASV148","ASV148","+","Fungi",100,"",38,"",17,"",13,"",13,"",4,"",4,148
"ASV150","ASV150","+","Fungi",100,"Basidiomycota",100,"Tremellomycetes",100,"Tremellales",99,"Tremellaceae",99,"Cryptococcus",99,"Cryptococcus macerans",97,150
"ASV151","ASV151","+","Fungi",100,"Ascomycota",100,"Sordariomycetes",100,"Trichosphaeriales",99,"Trichosphaeriales_Incertae sedis",99,"Khuskia",99,"Trichosphaeriales_sp|SH237073.06FU",93,151
"ASV154","ASV154","+","Fungi",100,"Basidiomycota",100,"Tremellomycetes",100,"Tremellales",100,"Tremellales_Incertae sedis",100,"Bullera",100,"Bullera penniseticola",100,154
"ASV155","ASV155","+","Fungi",100,"Ascomycota",100,"Dothideomycetes",100,"Pleosporales",100,"Phaeosphaeriaceae",100,"Ophiosphaerella",100,"Ophiosphaerella agrostis",100,155
"ASV156","ASV156","+","Fungi",100,"Basidiomycota",100,"Tremellomycetes",100,"Tremellales",100,"Tremellales_Incertae sedis",100,"Hannaella",100,"Hannaella zeae",100,156
"ASV157","ASV157","+","Fungi",100,"Ascomycota",100,"Dothideomycetes",100,"Pleosporales",100,"Pleosporaceae",100,"Setosphaeria",100,"Exserohilum rostratum",100,157
"ASV158","ASV158","+","Fungi",100,"Ascomycota",100,"Dothideomycetes",96,"Capnodiales",96,"Mycosphaerellaceae",96,"",41,"",40,158
"ASV159","ASV159","+","Fungi",100,"Ascomycota",100,"Sordariomycetes",100,"Hypocreales",100,"Nectriaceae",100,"Gibberella",94,"Fusarium equiseti",76,159
"ASV161","ASV161","+","Fungi",100,"Basidiomycota",90,"Tremellomycetes",74,"Tremellales",72,"Incertae_sedis_12",70,"",50,"",22,161
"ASV162","ASV162","+","Fungi",100,"Basidiomycota",100,"Ustilaginomycetes",100,"Ustilaginales",100,"Ustilaginaceae",100,"Ustilago",100,"Pseudozyma prolifica",100,162
"ASV163","ASV163","+","Fungi",100,"Basidiomycota",79,"",12,"",11,"",8,"",8,"",6,163
"ASV166","ASV166","+","Fungi",100,"Basidiomycota",100,"Microbotryomycetes",100,"Sporidiobolales",100,"Sporidiobolales_Incertae sedis",100,"Sporobolomyces",100,"Sporobolomyces coprosmae",87,166
"ASV167","ASV167","+","Fungi",100,"Ascomycota",100,"Dothideomycetes",100,"Pleosporales",100,"Pleosporaceae",100,"Alternaria",100,"Alternaria longissima",100,167
"ASV168","ASV168","+","Fungi",100,"Ascomycota",100,"Dothideomycetes",100,"Pleosporales",100,"Phaeosphaeriaceae",96,"Phaeosphaeria",96,"Phaeosphaeria sp 1 MM_2012",84,168
"ASV170","ASV170","+","Fungi",100,"Basidiomycota",100,"Tremellomycetes",100,"Tremellales",100,"Tremellaceae",100,"Cryptococcus",100,"Cryptococcus macerans",100,170
"ASV171","ASV171","+","Fungi",100,"Ascomycota",100,"Dothideomycetes",100,"Capnodiales",100,"Mycosphaerellaceae",100,"Mycosphaerella",99,"Mycosphaerella nyssicola",99,171
"ASV172","ASV172","+","Fungi",100,"Ascomycota",77,"",32,"",32,"",32,"",32,"",29,172
"ASV173","ASV173","+","Fungi",100,"Ascomycota",72,"Dothideomycetes",78,"",44,"",44,"",44,"",43,173
"ASV174","ASV174","+","Fungi",100,"Basidiomycota",100,"Tremellomycetes",100,"Filobasidiales",100,"Filobasidiaceae",100,"Filobasidium",100,"Filobasidium floriforme",100,174
"ASV175","ASV175","+","Fungi",100,"Ascomycota",100,"Dothideomycetes",100,"Pleosporales",100,"Didymellaceae",71,"",56,"",56,175
"ASV176","ASV176","+","Fungi",100,"Basidiomycota",100,"Tremellomycetes",100,"Tremellales",100,"Tremellaceae",100,"Cryptococcus",100,"Cryptococcus chernovii",100,176
"ASV177","ASV177","+","Fungi",100,"Basidiomycota",98,"Tremellomycetes",95,"Tremellales",95,"Tremellales_Incertae sedis",95,"Hannaella",94,"Hannaella coprosmaensis",74,177
"ASV178","ASV178","+","Fungi",100,"Ascomycota",100,"Dothideomycetes",100,"Pleosporales",100,"Phaeosphaeriaceae",96,"Phaeosphaeria",96,"Phaeosphaeria sp 1 MM_2012",75,178
"ASV179","ASV179","+","Fungi",100,"Ascomycota",100,"Dothideomycetes",100,"Pleosporales",100,"Pleosporaceae",96,"Epicoccum",96,"Epicoccum sorghi",96,179
"ASV180","ASV180","+","Fungi",100,"",40,"",20,"",15,"",15,"",8,"",5,180
"ASV181","ASV181","+","Fungi",100,"Ascomycota",100,"Dothideomycetes",100,"Pleosporales",100,"Leptosphaeriaceae",100,"Paraphoma",100,"Paraphoma chrysanthemicola",100,181
"ASV182","ASV182","+","Fungi",100,"Ascomycota",100,"Dothideomycetes",100,"Pleosporales",100,"Phaeosphaeriaceae",100,"Ophiosphaerella",100,"Ophiosphaerella agrostis",100,182
"ASV183","ASV183","+","Fungi",100,"Ascomycota",92,"Dothideomycetes",89,"Pleosporales",89,"Leptosphaeriaceae",100,"Coniothyrium",100,"Coniothyrium_sidae|SH196237.06FU",100,183
"ASV184","ASV184","+","Fungi",100,"Ascomycota",100,"Dothideomycetes",99,"Pleosporales",99,"Phaeosphaeriaceae",95,"Phaeosphaeriopsis",86,"Phaeosphaeria oryzae",73,184
"ASV185","ASV185","+","Fungi",100,"Basidiomycota",100,"Tremellomycetes",100,"Cystofilobasidiales",100,"Cystofilobasidiaceae",100,"Udeniomyces",77,"Udeniomyces pannonicus",77,185
"ASV186","ASV186","+","Fungi",100,"Ascomycota",100,"Sordariomycetes",100,"Hypocreales",100,"Nectriaceae",100,"Gibberella",98,"Fusarium equiseti",91,186
"ASV187","ASV187","+","Fungi",100,"Ascomycota",100,"Sordariomycetes",100,"Trichosphaeriales",100,"Trichosphaeriales_Incertae sedis",100,"Nigrospora",83,"Nigrospora sphaerica",81,187
"ASV188","ASV188","+","Fungi",100,"Basidiomycota",75,"",26,"",9,"",6,"",6,"",6,188
"ASV190","ASV190","+","Fungi",100,"Ascomycota",100,"Sordariomycetes",100,"Hypocreales",100,"Hypocreales_Incertae sedis",98,"Myrothecium",97,"Myrothecium verrucaria",80,190
"ASV193","ASV193","+","Fungi",100,"Ascomycota",100,"Sordariomycetes",100,"Sordariomycetidae_Incertae sedis",100,"Glomerellaceae",100,"Glomerella",100,"",27,193
"ASV195","ASV195","+","Fungi",100,"Basidiomycota",100,"Microbotryomycetes",100,"Sporidiobolales",100,"Sporidiobolaceae",100,"Sporidiobolus",100,"Sporobolomyces koalae",100,195
"ASV196","ASV196","+","Fungi",100,"Ascomycota",100,"Pezizomycotina_Incertae sedis",100,"Pezizomycotina_Incertae sedis",100,"Pezizomycotina_Incertae sedis",100,"Torula",100,"Torula caligans",100,196
"ASV197","ASV197","+","Fungi",100,"Ascomycota",85,"",29,"",4,"",4,"",4,"",3,197
"ASV198","ASV198","+","Fungi",100,"Ascomycota",96,"Dothideomycetes",94,"Pleosporales",93,"Didymellaceae",83,"Leptosphaerulina",83,"Leptosphaerulina chartarum",83,198
"ASV199","ASV199","+","Fungi",100,"Ascomycota",99,"Dothideomycetes",89,"Capnodiales",89,"",17,"",15,"",15,199
"ASV201","ASV201","+","Fungi",100,"Basidiomycota",98,"Tremellomycetes",97,"Tremellales",97,"Tremellales_Incertae sedis",96,"Dioszegia",91,"",35,201
"ASV202","ASV202","+","Fungi",100,"Basidiomycota",99,"Tremellomycetes",99,"Tremellales",99,"Tremellaceae",95,"Cryptococcus",95,"Cryptococcus sp LCF_08",91,202
"ASV203","ASV203","+","Fungi",100,"Basidiomycota",88,"",29,"",29,"",26,"",26,"",17,203
"ASV205","ASV205","+","Fungi",100,"Basidiomycota",100,"",51,"",48,"",48,"",48,"",48,205
"ASV206","ASV206","+","Fungi",100,"Ascomycota",85,"Ascomycota_unidentified",96,"Ascomycota_unidentified_1",96,"Ascomycota_unidentified_1",96,"Ascomycota_unidentified_1_1",96,"Ascomycota_sp|SH191097.06FU",96,206
"ASV209","ASV209","+","Fungi",100,"Basidiomycota",100,"Tremellomycetes",100,"Tremellales",100,"Tremellaceae",100,"Cryptococcus",100,"Cryptococcus victoriae",100,209
"ASV210","ASV210","+","Fungi",100,"Ascomycota",86,"Dothideomycetes",81,"Pleosporales",80,"Phaeosphaeriaceae",72,"",39,"",34,210
"ASV211","ASV211","+","Fungi",100,"Ascomycota",100,"Dothideomycetes",100,"Pleosporales",100,"Phaeosphaeriaceae",96,"Phaeosphaeria",96,"Pleosporales_sp|SH206981.06FU",97,211
"ASV213","ASV213","+","Fungi",100,"Basidiomycota",100,"Exobasidiomycetes",100,"Exobasidiomycetidae_Incertae sedis",99,"Exobasidiomycetidae_Incertae sedis",99,"Tilletiopsis",99,"Tilletiopsis pallescens",99,213
"ASV214","ASV214","+","Fungi",100,"Basidiomycota",81,"",28,"",28,"",27,"",6,"",6,214
"ASV216","ASV216","+","Fungi",100,"Ascomycota",100,"Dothideomycetes",100,"Pleosporales",100,"Pleosporaceae",100,"Cochliobolus",100,"Cochliobolus geniculatus",100,216
"ASV219","ASV219","+","Fungi",100,"Ascomycota",100,"Dothideomycetes",100,"Pleosporales",100,"Pleosporaceae",100,"Edenia",100,"Edenia gomezpompae",100,219
"ASV220","ASV220","+","Fungi",100,"Basidiomycota",100,"Tremellomycetes",100,"Tremellales",100,"Tremellaceae",100,"Cryptococcus",100,"Cryptococcus sp LRB_2012a",100,220
"ASV221","ASV221","+","Fungi",100,"Basidiomycota",71,"",14,"",14,"",13,"",12,"",12,221
"ASV222","ASV222","+","Fungi",100,"Ascomycota",100,"Dothideomycetes",96,"Capnodiales",96,"",32,"",32,"",32,222
"ASV223","ASV223","+","Fungi",100,"Ascomycota",100,"Sordariomycetes",100,"Trichosphaeriales",100,"Trichosphaeriales_Incertae sedis",100,"Khuskia",97,"Trichosphaeriales_sp|SH237073.06FU",96,223
"ASV226","ASV226","+","Fungi",100,"",39,"",18,"",15,"",15,"",5,"",5,226
"ASV227","ASV227","+","Fungi",100,"Ascomycota",78,"",23,"",3,"",3,"",3,"",3,227
"ASV231","ASV231","+","Fungi",100,"Ascomycota",100,"Dothideomycetes",96,"Capnodiales",96,"Teratosphaeriaceae",96,"Devriesia",95,"Devriesia pseudoamericana",95,231
"ASV232","ASV232","+","Fungi",100,"Ascomycota",100,"Sordariomycetes",100,"Hypocreales",100,"Nectriaceae",100,"Gibberella",100,"",28,232
"ASV233","ASV233","+","Fungi",100,"Ascomycota",100,"Dothideomycetes",89,"Capnodiales",88,"",25,"",23,"",23,233
"ASV236","ASV236","+","Fungi",100,"Ascomycota",83,"Dothideomycetes",100,"Pleosporales",100,"Incertae_sedis_13",100,"Periconia",100,"Periconia_sp|SH232015.06FU",100,236
"ASV238","ASV238","+","Fungi",100,"Basidiomycota",100,"Microbotryomycetes",100,"Sporidiobolales",100,"Sporidiobolales_Incertae sedis",100,"Sporobolomyces",100,"Sporobolomyces ruber",80,238
"ASV239","ASV239","+","Fungi",100,"Basidiomycota",100,"Exobasidiomycetes",100,"Exobasidiomycetidae_Incertae sedis",95,"Exobasidiomycetidae_Incertae sedis",95,"Tilletiopsis",95,"Tilletiopsis pallescens",95,239
"ASV240","ASV240","+","Fungi",100,"Ascomycota",78,"",12,"",9,"",7,"",7,"",5,240
"ASV241","ASV241","+","Fungi",100,"Basidiomycota",100,"Tremellomycetes",100,"Tremellales",100,"Tremellaceae",100,"Cryptococcus",100,"Cryptococcus sp LRB_2012a",100,241
"ASV242","ASV242","+","Fungi",100,"Basidiomycota",97,"Microbotryomycetes",88,"Sporidiobolales",88,"Sporidiobolales_Incertae sedis",88,"Sporobolomyces",88,"Sporobolomyces ruber",86,242
"ASV246","ASV246","+","Fungi",100,"Basidiomycota",93,"Tremellomycetes",88,"Tremellales",82,"Tremellaceae",81,"Cryptococcus",81,"",64,246
"ASV247","ASV247","+","Fungi",100,"Ascomycota",100,"Dothideomycetes",100,"Pleosporales",100,"Pleosporaceae",100,"Cochliobolus",99,"Cochliobolus sativus",73,247
"ASV248","ASV248","+","Fungi",100,"Basidiomycota",100,"Tremellomycetes",100,"Tremellales",100,"Tremellales_Incertae sedis",97,"Hannaella",95,"Hannaella zeae",95,248
"ASV249","ASV249","+","Fungi",100,"Basidiomycota",100,"Tremellomycetes",100,"Tremellales",100,"Tremellaceae",100,"Cryptococcus",100,"Cryptococcus sp LRB_2012a",99,249
"ASV250","ASV250","+","Fungi",100,"Ascomycota",100,"Dothideomycetes",100,"Pleosporales",100,"Phaeosphaeriaceae",100,"Ophiosphaerella",100,"Ophiosphaerella agrostis",100,250
"ASV252","ASV252","+","Fungi",100,"Ascomycota",76,"",18,"",16,"",1,"",0,"",0,252
"ASV254","ASV254","+","Fungi",100,"Ascomycota",76,"Dothideomycetes",100,"Pleosporales",100,"Lophiostomataceae",100,"Lophiostoma",100,"Lophiostoma_fuckelii|SH237048.06FU",100,254
"ASV256","ASV256","+","Fungi",100,"Basidiomycota",100,"Tremellomycetes",100,"Cystofilobasidiales",100,"Cystofilobasidiaceae",100,"Udeniomyces",100,"Udeniomyces megalosporus",100,256
"ASV257","ASV257","+","Fungi",100,"Basidiomycota",100,"Microbotryomycetes",100,"Sporidiobolales",100,"Sporidiobolales_Incertae sedis",100,"Sporobolomyces",100,"",51,257
"ASV258","ASV258","+","Fungi",100,"Basidiomycota",100,"Ustilaginomycetes",100,"Ustilaginales",100,"Ustilaginaceae",100,"Ustilago",83,"",39,258
"ASV259","ASV259","+","Fungi",100,"Ascomycota",82,"Fungi_unidentified_1",100,"Fungi_unidentified_1",100,"Fungi_unidentified_1_1",100,"Fungi_unidentified_1_1",100,"Fungi_sp|SH189980.06FU",100,259
"ASV260","ASV260","+","Fungi",100,"Ascomycota",87,"Dothideomycetes",83,"Pleosporales",73,"Dothideomycetes_unidentified_1",94,"Dothideomycetes_unidentified_1",94,"Dothideomycetes_sp|SH227809.06FU",94,260
"ASV262","ASV262","+","Fungi",100,"Ascomycota",100,"Dothideomycetes",100,"Pleosporales",100,"Pleosporaceae",100,"Cochliobolus",100,"Bipolaris oryzae",100,262
"ASV264","ASV264","+","Fungi",100,"Ascomycota",100,"Dothideomycetes",100,"Pleosporales",100,"Montagnulaceae",100,"Paraphaeosphaeria",100,"Paraphaeosphaeria michotii",100,264
"ASV265","ASV265","+","Fungi",100,"Ascomycota",100,"Dothideomycetes",100,"Pleosporales",100,"Pleosporales_Incertae sedis",100,"Phoma",100,"Phoma radicina",100,265
"ASV266","ASV266","+","Fungi",100,"Ascomycota",100,"Dothideomycetes",96,"Capnodiales",96,"",28,"",28,"",28,266
"ASV267","ASV267","+","Fungi",100,"Ascomycota",99,"Dothideomycetes",87,"Capnodiales",87,"Teratosphaeriaceae",75,"",51,"",48,267
"ASV268","ASV268","+","Fungi",100,"Ascomycota",100,"Dothideomycetes",100,"Pleosporales",100,"Pleosporaceae",100,"Cochliobolus",100,"Cochliobolus cynodontis",83,268
"ASV269","ASV269","+","Fungi",100,"Ascomycota",90,"",28,"",10,"",7,"",7,"",7,269
"ASV270","ASV270","+","Fungi",100,"Ascomycota",100,"Sordariomycetes",100,"Hypocreales",100,"Hypocreales_Incertae sedis",100,"Sarocladium",73,"Acremonium kiliense",73,270
"ASV271","ASV271","+","Fungi",100,"Ascomycota",100,"Dothideomycetes",100,"Dothideales",100,"Dothioraceae",100,"Kabatiella",100,"Aureobasidium_sp|SH206630.06FU",99,271
"ASV272","ASV272","+","Fungi",100,"Ascomycota",85,"Pezizomycotina_Incertae sedis",71,"Pezizomycotina_Incertae sedis",71,"Pezizomycotina_Incertae sedis",71,"Torula",71,"Torula caligans",71,272
"ASV273","ASV273","+","Fungi",100,"Ascomycota",100,"Dothideomycetes",100,"Capnodiales",100,"Mycosphaerellaceae",100,"Mycosphaerella",99,"Cercospora zeae_maydis",74,273
"ASV274","ASV274","+","Fungi",100,"Basidiomycota",100,"Cystobasidiomycetes",100,"Erythrobasidiales",100,"Erythrobasidiales_Incertae sedis",100,"Erythrobasidium",100,"Erythrobasidium_hasegawianum|SH239324.06FU",100,274
"ASV275","ASV275","+","Fungi",100,"Ascomycota",100,"Sordariomycetes",100,"Hypocreales",100,"Nectriaceae",100,"Gibberella",100,"Fusarium avenaceum",86,275
"ASV277","ASV277","+","Fungi",100,"Basidiomycota",100,"Tremellomycetes",100,"Tremellales",100,"Tremellaceae",100,"Cryptococcus",100,"Cryptococcus wieringae",100,277
"ASV279","ASV279","+","Fungi",100,"Basidiomycota",97,"Tremellomycetes",93,"Tremellales",93,"Tremellales_Incertae sedis",93,"Dioszegia",89,"Dioszegia_takashimae|SH196965.06FU",74,279
"ASV280","ASV280","+","Fungi",100,"Ascomycota",96,"Dothideomycetes",96,"Pleosporales",94,"Fungi_unidentified_1_1",100,"Fungi_unidentified_1_1",100,"Fungi_sp|SH213113.06FU",100,280
"ASV281","ASV281","+","Fungi",100,"Ascomycota",77,"",25,"",13,"",2,"",2,"",2,281
"ASV283","ASV283","+","Fungi",100,"Ascomycota",100,"Dothideomycetes",100,"Pleosporales",100,"Pleosporaceae",100,"Curvularia",100,"Curvularia trifolii",100,283
"ASV284","ASV284","+","Fungi",100,"Ascomycota",97,"Eurotiomycetes",95,"Chaetothyriales",95,"Chaetothyriales_Incertae sedis",95,"Strelitziana",95,"Strelitziana mali",82,284
"ASV286","ASV286","+","Fungi",100,"Basidiomycota",100,"Exobasidiomycetes",100,"Exobasidiomycetidae_Incertae sedis",100,"Exobasidiomycetidae_Incertae sedis",100,"Tilletiopsis",100,"Tilletiopsis pallescens",100,286
"ASV287","ASV287","+","Fungi",100,"Basidiomycota",100,"Ustilaginomycetes",100,"Ustilaginales",100,"Ustilaginaceae",100,"Pseudozyma",100,"Pseudozyma_sp_Vega417|SH241684.06FU",98,287
"ASV288","ASV288","+","Fungi",100,"Ascomycota",91,"",59,"",59,"",59,"",59,"",59,288
"ASV289","ASV289","+","Fungi",100,"Ascomycota",100,"Taphrinomycetes",100,"Taphrinales",100,"Taphrinaceae",100,"Taphrina",94,"Taphrina_americana|SH211018.06FU",79,289
"ASV290","ASV290","+","Fungi",100,"Ascomycota",100,"Dothideomycetes",97,"Capnodiales",97,"Teratosphaeriaceae",97,"Devriesia",97,"Devriesia pseudoamericana",97,290
"ASV291","ASV291","+","Fungi",100,"Ascomycota",100,"Dothideomycetes",100,"Pleosporales",100,"Pleosporaceae",100,"Alternaria",100,"Alternaria longissima",100,291
"ASV292","ASV292","+","Fungi",100,"Basidiomycota",100,"Microbotryomycetes",100,"Sporidiobolales",100,"Sporidiobolaceae",100,"Sporidiobolus",100,"Sporobolomyces ruberrimus",94,292
"ASV294","ASV294","+","Fungi",100,"Ascomycota",93,"Dothideomycetes",84,"Pleosporales",83,"Phaeosphaeriaceae",76,"",67,"",66,294
"ASV295","ASV295","+","Fungi",100,"Ascomycota",90,"Dothideomycetes",84,"Pleosporales",82,"",31,"",31,"",25,295
"ASV296","ASV296","+","Fungi",100,"Ascomycota",81,"Dothideomycetes",71,"",34,"",34,"",34,"",30,296
"ASV297","ASV297","+","Fungi",100,"Ascomycota",100,"Sordariomycetes",100,"Trichosphaeriales",100,"Trichosphaeriales_Incertae sedis",100,"Sordariomycetes_unidentified_1",88,"Sordariomycetes_sp|SH237076.06FU",71,297
"ASV298","ASV298","+","Fungi",100,"Ascomycota",87,"",18,"",18,"",18,"",9,"",9,298
"ASV300","ASV300","+","Fungi",100,"Basidiomycota",70,"",5,"",5,"",4,"",4,"",3,300
"ASV302","ASV302","+","Fungi",100,"Ascomycota",81,"Dothideomycetes",77,"Pleosporales",75,"Ascomycota_unidentified_1",100,"Ascomycota_unidentified_1_1",100,"Ascomycota_sp|SH237537.06FU",100,302
"ASV304","ASV304","+","Fungi",100,"Ascomycota",100,"Dothideomycetes",100,"Pleosporales",100,"Pleosporaceae",100,"Cochliobolus",100,"Bipolaris zeicola",86,304
"ASV306","ASV306","+","Fungi",100,"Basidiomycota",100,"Microbotryomycetes",100,"Sporidiobolales",100,"Sporidiobolales_Incertae sedis",100,"Sporobolomyces",100,"Sporobolomyces vermiculatus",89,306
"ASV307","ASV307","+","Fungi",100,"Ascomycota",100,"Dothideomycetes",99,"Capnodiales",99,"Capnodiales_Incertae sedis",98,"Toxicocladosporium",98,"Toxicocladosporium pseudoveloxum",98,307
"ASV308","ASV308","+","Fungi",100,"",50,"",4,"",4,"",4,"",4,"",3,308
"ASV309","ASV309","+","Fungi",100,"Ascomycota",92,"Dothideomycetes",86,"Pleosporales",86,"Phaeosphaeriaceae",79,"Ascomycota_unidentified_1_1",100,"Ascomycota_sp|SH213440.06FU",100,309
"ASV310","ASV310","+","Fungi",100,"Basidiomycota",89,"Tremellomycetes",79,"Tremellales",77,"Incertae_sedis_12",74,"",50,"",17,310
"ASV311","ASV311","+","Fungi",100,"Basidiomycota",100,"Tremellomycetes",100,"Tremellales",100,"Tremellaceae",100,"Cryptococcus",100,"Cryptococcus_sp|SH223310.06FU",85,311
"ASV312","ASV312","+","Fungi",100,"Basidiomycota",75,"",32,"",15,"",6,"",6,"",6,312
"ASV313","ASV313","+","Fungi",100,"Basidiomycota",99,"Tremellomycetes",98,"Tremellales",98,"Tremellaceae",96,"Cryptococcus",96,"Cryptococcus rajasthanensis",87,313
"ASV314","ASV314","+","Fungi",100,"Ascomycota",100,"Dothideomycetes",100,"Capnodiales",100,"Mycosphaerellaceae",100,"Pseudocercospora",99,"Pseudocercospora_dovyalidis|SH212656.06FU",100,314
"ASV315","ASV315","+","Fungi",100,"Basidiomycota",100,"Tremellomycetes",100,"Tremellales",100,"Tremellaceae",99,"Cryptococcus",99,"Cryptococcus sp LRB_2012a",99,315
"ASV316","ASV316","+","Fungi",100,"Ascomycota",100,"Dothideomycetes",100,"Pleosporales",100,"Phaeosphaeriaceae",100,"Phaeosphaeria",100,"Phaeosphaeria nodorum",89,316
"ASV318","ASV318","+","Fungi",100,"Basidiomycota",100,"Microbotryomycetes",100,"Sporidiobolales",100,"Sporidiobolales_Incertae sedis",100,"Rhodotorula",100,"Rhodotorula nothofagi",100,318
"ASV319","ASV319","+","Fungi",100,"Basidiomycota",100,"Tremellomycetes",100,"Tremellales",100,"Tremellaceae",100,"Cryptococcus",100,"Cryptococcus flavus",99,319
"ASV322","ASV322","+","Fungi",100,"Basidiomycota",100,"Exobasidiomycetes",100,"Exobasidiomycetidae_Incertae sedis",99,"Exobasidiomycetidae_Incertae sedis",99,"Tilletiopsis",99,"Tilletiopsis pallescens",99,322
"ASV323","ASV323","+","Fungi",100,"Ascomycota",100,"Sordariomycetes",100,"Hypocreales",100,"Hypocreales_Incertae sedis",100,"Acremonium",100,"Acremonium fusidioides",100,323
"ASV325","ASV325","+","Fungi",100,"Basidiomycota",93,"Tremellomycetes",77,"Filobasidiales",75,"",62,"",56,"",56,325
"ASV326","ASV326","+","Fungi",100,"Basidiomycota",100,"Tremellomycetes",100,"Tremellales",100,"Tremellaceae",100,"Cryptococcus",100,"Cryptococcus victoriae",99,326
"ASV327","ASV327","+","Fungi",100,"",54,"",19,"",19,"",17,"",17,"",17,327
"ASV329","ASV329","+","Fungi",100,"Ascomycota",100,"Eurotiomycetes",100,"Chaetothyriales",100,"Chaetothyriaceae",100,"Cyphellophora",100,"Fungi_sp|SH232796.06FU",94,329
"ASV333","ASV333","+","Fungi",100,"Ascomycota",100,"Dothideomycetes",100,"Capnodiales",100,"Mycosphaerellaceae",100,"Mycosphaerella",100,"Sphaerulina_pseudovirgaureae|SH212655.06FU",77,333
"ASV334","ASV334","+","Fungi",100,"Ascomycota",90,"",33,"",6,"",6,"",6,"",6,334
"ASV336","ASV336","+","Fungi",100,"Ascomycota",100,"Sordariomycetes",100,"Hypocreales",100,"Hypocreales_Incertae sedis",99,"Myrothecium",99,"Myrothecium roridum",99,336
"ASV338","ASV338","+","Fungi",100,"Ascomycota",85,"Dothideomycetes",77,"Pleosporales",100,"Pleosporales_unidentified",100,"Pleosporales_unidentified_1",100,"Pleosporales_sp|SH229317.06FU",100,338
"ASV339","ASV339","+","Fungi",100,"Ascomycota",100,"Eurotiomycetes",100,"Chaetothyriales",100,"Chaetothyriaceae",100,"Cyphellophora",100,"Cyphellophora suttonii",76,339
"ASV340","ASV340","+","Fungi",100,"Ascomycota",99,"Dothideomycetes",99,"Pleosporales",99,"Phaeosphaeriaceae",98,"Phaeosphaeriopsis",93,"Phaeosphaeria oryzae",87,340
"ASV341","ASV341","+","Fungi",100,"Ascomycota",100,"Eurotiomycetes",100,"Chaetothyriales",100,"Chaetothyriaceae",100,"Cyphellophora",100,"Fungi_sp|SH232796.06FU",94,341
"ASV342","ASV342","+","Fungi",100,"Ascomycota",100,"Dothideomycetes",99,"Capnodiales",99,"Mycosphaerellaceae",99,"Mycosphaerella",96,"",49,342
"ASV343","ASV343","+","Fungi",100,"Ascomycota",100,"Dothideomycetes",100,"Capnodiales",100,"Mycosphaerellaceae",100,"Dissoconium",100,"Dissoconium_proteae|SH197939.06FU",100,343
"ASV344","ASV344","+","Fungi",100,"Ascomycota",98,"Dothideomycetes",98,"Pleosporales",98,"Didymellaceae",92,"Leptosphaerulina",92,"Leptosphaerulina chartarum",92,344
"ASV346","ASV346","+","Fungi",100,"Ascomycota",100,"Dothideomycetes",100,"Capnodiales",100,"Mycosphaerellaceae",100,"Mycosphaerella",92,"Ascomycota_sp|SH216151.06FU",79,346
"ASV347","ASV347","+","Fungi",100,"Ascomycota",100,"Dothideomycetes",100,"Pleosporales",100,"Montagnulaceae",100,"Paraphaeosphaeria",100,"Paraphaeosphaeria michotii",100,347
"ASV348","ASV348","+","Fungi",100,"Basidiomycota",100,"Tremellomycetes",100,"Tremellales",100,"Tremellales_Incertae sedis",100,"Hannaella",100,"Hannaella kunmingensis",100,348
"ASV349","ASV349","+","Fungi",100,"Ascomycota",93,"Dothideomycetes",92,"Pleosporales",90,"Fungi_unidentified_1_1",100,"Fungi_unidentified_1_1",100,"Fungi_sp|SH213113.06FU",100,349
"ASV350","ASV350","+","Fungi",100,"Ascomycota",100,"Taphrinomycetes",100,"Taphrinales",100,"Taphrinaceae",100,"Lalaria",100,"Lalaria inositophila",100,350
"ASV351","ASV351","+","Fungi",100,"Basidiomycota",100,"Microbotryomycetes",100,"Sporidiobolales",100,"Sporidiobolales_Incertae sedis",100,"Sporobolomyces",100,"Sporobolomyces ruber",79,351
"ASV352","ASV352","+","Fungi",100,"Ascomycota",100,"Sordariomycetes",100,"Sordariomycetidae_Incertae sedis",100,"Plectosphaerellaceae",100,"Lectera",100,"Lectera colletotrichoides",100,352
"ASV353","ASV353","+","Fungi",100,"Ascomycota",95,"Eurotiomycetes",76,"Chaetothyriales",76,"Herpotrichiellaceae",73,"",18,"",18,353
"ASV354","ASV354","+","Fungi",100,"Basidiomycota",100,"Tremellomycetes",100,"Tremellales",100,"Tremellaceae",100,"Cryptococcus",100,"Cryptococcus macerans",100,354
"ASV355","ASV355","+","Fungi",100,"Ascomycota",100,"Dothideomycetes",100,"Pleosporales",100,"Phaeosphaeriaceae",97,"Phaeosphaeria",97,"Phaeosphaeria sp 1 MM_2012",85,355
"ASV356","ASV356","+","Fungi",100,"Ascomycota",100,"Sordariomycetes",100,"Sordariomycetidae_Incertae sedis",99,"Plectosphaerellaceae",99,"Plectosphaerella",98,"Sordariomycetes_sp|SH219629.06FU",100,356
"ASV357","ASV357","+","Fungi",100,"",62,"",20,"",20,"",20,"",12,"",12,357
"ASV361","ASV361","+","Fungi",100,"Basidiomycota",97,"Tremellomycetes",96,"Tremellales",96,"Incertae_sedis_12",99,"",62,"",56,361
"ASV364","ASV364","+","Fungi",100,"Ascomycota",96,"Leotiomycetes",90,"Helotiales",88,"Helotiales_unidentified",75,"Helotiales_unidentified_1",75,"Helotiales_sp|SH191096.06FU",72,364
"ASV365","ASV365","+","Fungi",100,"Basidiomycota",100,"Tremellomycetes",100,"Tremellales",100,"Tremellales_Incertae sedis",100,"Dioszegia",100,"Dioszegia takashimae",89,365
"ASV367","ASV367","+","Fungi",100,"Ascomycota",100,"Sordariomycetes",100,"Hypocreales",100,"Bionectriaceae",99,"Bionectria",99,"Bionectria epichloe",99,367
"ASV368","ASV368","+","Fungi",100,"Ascomycota",100,"Sordariomycetes",100,"Hypocreales",100,"Nectriaceae",100,"Fusarium",91,"Fusarium_sporotrichioides|SH217307.06FU",91,368
"ASV369","ASV369","+","Fungi",100,"Ascomycota",88,"Dothideomycetes",73,"Pleosporales",99,"Pleosporales_unidentified",99,"Pleosporales_unidentified_1",99,"Pleosporales_sp|SH229317.06FU",99,369
"ASV370","ASV370","+","Fungi",100,"Ascomycota",90,"Eurotiomycetes",100,"Chaetothyriales",100,"Herpotrichiellaceae",100,"Phaeococcomyces",96,"Phaeococcomyces_sp|SH217607.06FU",96,370
"ASV371","ASV371","+","Fungi",100,"Ascomycota",100,"Dothideomycetes",95,"Capnodiales",95,"",34,"",33,"",33,371
"ASV372","ASV372","+","Fungi",100,"Ascomycota",97,"Dothideomycetes",95,"Pleosporales",91,"Fungi_unidentified_1_1",100,"Fungi_unidentified_1_1",100,"Fungi_sp|SH213113.06FU",100,372
"ASV373","ASV373","+","Fungi",100,"Basidiomycota",100,"Tremellomycetes",100,"Tremellales",100,"Tremellaceae",100,"Cryptococcus",100,"Cryptococcus flavescens",99,373
"ASV374","ASV374","+","Fungi",100,"Ascomycota",100,"Sordariomycetes",100,"Sordariomycetidae_Incertae sedis",99,"Plectosphaerellaceae",99,"Gibellulopsis",98,"Gibellulopsis nigrescens",97,374
"ASV375","ASV375","+","Fungi",100,"Ascomycota",100,"Leotiomycetes",100,"Erysiphales",100,"Erysiphaceae",100,"Blumeria",100,"Blumeria graminis",100,375
"ASV380","ASV380","+","Fungi",100,"Ascomycota",94,"",50,"",33,"",33,"",31,"",31,380
"ASV382","ASV382","+","Fungi",100,"Ascomycota",100,"Sordariomycetes",100,"Hypocreales",100,"Hypocreales_Incertae sedis",97,"Myrothecium",96,"",27,382
"ASV383","ASV383","+","Fungi",100,"Ascomycota",88,"Dothideomycetes",86,"Pleosporales",84,"Phaeosphaeriaceae",71,"",43,"",26,383
"ASV384","ASV384","+","Fungi",100,"Ascomycota",81,"Dothideomycetes",100,"Pleosporales",100,"Incertae_sedis_13",100,"Periconia",100,"Periconia_sp|SH232015.06FU",100,384
"ASV387","ASV387","+","Fungi",100,"Ascomycota",75,"",18,"",18,"",18,"",14,"",14,387
"ASV388","ASV388","+","Fungi",100,"Ascomycota",88,"Dothideomycetes",86,"Pleosporales",86,"Phaeosphaeriaceae",71,"",35,"",19,388
"ASV389","ASV389","+","Fungi",100,"Basidiomycota",100,"Tremellomycetes",100,"Tremellales",100,"Tremellales_Incertae sedis",100,"Auriculibuller",100,"Auriculibuller fuscus",100,389
"ASV390","ASV390","+","Fungi",100,"Ascomycota",92,"Dothideomycetes",89,"Pleosporales",89,"Phaeosphaeriaceae",80,"Ascomycota_unidentified_1_1",100,"Ascomycota_sp|SH213440.06FU",100,390
"ASV391","ASV391","+","Fungi",100,"Ascomycota",100,"Dothideomycetes",100,"Pleosporales",100,"Pleosporaceae",100,"Edenia",100,"Edenia gomezpompae",100,391
"ASV392","ASV392","+","Fungi",100,"Basidiomycota",100,"Tremellomycetes",96,"Tremellales",96,"Tremellaceae",91,"Cryptococcus",91,"Cryptococcus dimennae",91,392
"ASV393","ASV393","+","Fungi",100,"Basidiomycota",100,"Microbotryomycetes",100,"Leucosporidiales",100,"Leucosporidiaceae",100,"Leucosporidiella",100,"Leucosporidiella fragaria",94,393
"ASV394","ASV394","+","Fungi",100,"Basidiomycota",98,"Tremellomycetes",97,"Tremellales",97,"Tremellaceae",91,"Cryptococcus",91,"Cryptococcus luteolus",90,394
"ASV397","ASV397","+","Fungi",100,"Ascomycota",77,"",5,"",5,"",5,"",1,"",1,397
"ASV398","ASV398","+","Fungi",100,"Ascomycota",100,"Dothideomycetes",89,"Capnodiales",89,"",61,"",25,"",21,398
"ASV400","ASV400","+","Fungi",100,"Ascomycota",100,"Dothideomycetes",100,"Pleosporales",100,"Pleosporaceae",100,"Cochliobolus",91,"Cochliobolus lunatus",76,400
"ASV402","ASV402","+","Fungi",100,"Ascomycota",100,"Taphrinomycetes",100,"Taphrinales",100,"Taphrinaceae",100,"Taphrina",94,"Taphrina_confusa|SH211014.06FU",97,402
"ASV403","ASV403","+","Fungi",100,"Ascomycota",99,"Dothideomycetes",99,"Pleosporales",99,"Phaeosphaeriaceae",97,"Phaeosphaeriopsis",77,"Phaeosphaeria oryzae",74,403
"ASV404","ASV404","+","Fungi",100,"Ascomycota",96,"",30,"",30,"",30,"",30,"",29,404
"ASV405","ASV405","+","Fungi",100,"Basidiomycota",94,"Tremellomycetes",91,"Tremellales",91,"Incertae_sedis_12",91,"Cryptococcus_1",89,"Cryptococcus_aff_amylolyticus_AS_22501|SH223364.06FU",85,405
"ASV406","ASV406","+","Fungi",100,"Ascomycota",99,"Dothideomycetes",86,"Capnodiales",86,"Teratosphaeriaceae",75,"",45,"",42,406
"ASV412","ASV412","+","Fungi",100,"Basidiomycota",100,"Tremellomycetes",100,"Tremellales",100,"Tremellaceae",100,"Cryptococcus",100,"Cryptococcus tephrensis",75,412
"ASV413","ASV413","+","Fungi",100,"Ascomycota",93,"",37,"",5,"",5,"",5,"",5,413
"ASV415","ASV415","+","Fungi",100,"Ascomycota",90,"Dothideomycetes",71,"Pleosporales",71,"",50,"",42,"",42,415
"ASV416","ASV416","+","Fungi",100,"",39,"",18,"",15,"",15,"",6,"",6,416
"ASV417","ASV417","+","Fungi",100,"Ascomycota",100,"Dothideomycetes",100,"Capnodiales",100,"Schizothyriaceae",100,"Zygophiala",100,"Zygophiala wisconsinensis",100,417
"ASV418","ASV418","+","Fungi",100,"Basidiomycota",100,"Exobasidiomycetes",100,"Exobasidiomycetidae_Incertae sedis",100,"Exobasidiomycetidae_Incertae sedis",100,"Tilletiopsis",100,"Tilletiopsis pallescens",100,418
"ASV421","ASV421","+","Fungi",100,"Basidiomycota",100,"Tremellomycetes",100,"Tremellales",100,"Tremellaceae",100,"Cryptococcus",100,"Cryptococcus rajasthanensis",99,421
"ASV422","ASV422","+","Fungi",100,"Basidiomycota",96,"Tremellomycetes",93,"Tremellales",93,"Tremellales_Incertae sedis",93,"Bullera",92,"Bullera variabilis",92,422
"ASV424","ASV424","+","Fungi",100,"Basidiomycota",92,"Tremellomycetes",76,"",69,"",69,"",69,"",69,424
"ASV427","ASV427","+","Fungi",100,"Ascomycota",100,"Dothideomycetes",100,"Pleosporales",100,"Pleosporaceae",100,"Lewia",100,"Alternaria_metachromatica|SH224792.06FU",100,427
"ASV428","ASV428","+","Fungi",100,"Basidiomycota",98,"Tremellomycetes",98,"Tremellales",98,"Tremellaceae",97,"Cryptococcus",97,"Cryptococcus luteolus",95,428
"ASV432","ASV432","+","Fungi",100,"Basidiomycota",100,"Cystobasidiomycetes",100,"Erythrobasidiales",100,"Erythrobasidiales_Incertae sedis",100,"Erythrobasidium",100,"Erythrobasidium_hasegawianum|SH239324.06FU",97,432
"ASV434","ASV434","+","Fungi",100,"",51,"",10,"",10,"",8,"",6,"",5,434
"ASV436","ASV436","+","Fungi",100,"Ascomycota",100,"Sordariomycetes",100,"Xylariales",100,"Hyponectriaceae",98,"Microdochium",95,"Microdochium bolleyi",95,436
"ASV437","ASV437","+","Fungi",100,"Ascomycota",90,"Eurotiomycetes",100,"Chaetothyriales",100,"Herpotrichiellaceae",100,"Phaeococcomyces",90,"Phaeococcomyces_sp|SH217607.06FU",90,437
"ASV438","ASV438","+","Fungi",100,"Ascomycota",100,"Dothideomycetes",100,"Pleosporales",100,"Pleosporaceae",100,"Pleospora",100,"Pleospora alfalfae",88,438
"ASV439","ASV439","+","Fungi",100,"Ascomycota",100,"Taphrinomycetes",100,"Taphrinales",100,"Taphrinaceae",100,"Lalaria",98,"Lalaria_carpini|SH219277.06FU",72,439
"ASV441","ASV441","+","Fungi",100,"",40,"",21,"",21,"",8,"",7,"",7,441
"ASV443","ASV443","+","Fungi",100,"Ascomycota",96,"Dothideomycetes",94,"Pleosporales",89,"Fungi_unidentified_1_1",100,"Fungi_unidentified_1_1",100,"Fungi_sp|SH213113.06FU",100,443
"ASV444","ASV444","+","Fungi",100,"",58,"",30,"",27,"",15,"",15,"",10,444
"ASV445","ASV445","+","Fungi",100,"Ascomycota",94,"",50,"",32,"",32,"",30,"",30,445
"ASV447","ASV447","+","Fungi",100,"Ascomycota",100,"Dothideomycetes",100,"Capnodiales",100,"Mycosphaerellaceae",100,"Ramichloridium",93,"Ramichloridium cerophilum",93,447
"ASV448","ASV448","+","Fungi",100,"Ascomycota",100,"Dothideomycetes",100,"Pleosporales",100,"Montagnulaceae",100,"Paraphaeosphaeria",100,"Paraphaeosphaeria michotii",100,448
"ASV449","ASV449","+","Fungi",100,"Basidiomycota",100,"Agaricostilbomycetes",100,"Agaricostilbales",100,"Agaricostilbaceae",100,"Bensingtonia",100,"Bensingtonia miscanthi",100,449
"ASV450","ASV450","+","Fungi",100,"Ascomycota",75,"Dothideomycetes",93,"Pleosporales",92,"Pleosporales_unidentified",92,"Pleosporales_unidentified_1",92,"Pleosporales_sp|SH203351.06FU",80,450
"ASV451","ASV451","+","Fungi",100,"Ascomycota",79,"",55,"",51,"",27,"",17,"",12,451
"ASV453","ASV453","+","Fungi",100,"Basidiomycota",100,"Tremellomycetes",100,"Tremellales",100,"Tremellales_unidentified",76,"Tremellales_unidentified_1",76,"Tremellales_sp|SH229400.06FU",76,453
"ASV455","ASV455","+","Fungi",100,"Ascomycota",100,"Dothideomycetes",90,"Capnodiales",90,"Mycosphaerellaceae",89,"Dissoconium",72,"",59,455
"ASV456","ASV456","+","Fungi",100,"Ascomycota",97,"Dothideomycetes",93,"Capnodiales",93,"Mycosphaerellaceae",91,"Fungi_unidentified_1_1",98,"Fungi_sp|SH235748.06FU",92,456
"ASV461","ASV461","+","Fungi",100,"Ascomycota",100,"Dothideomycetes",100,"Capnodiales",100,"Mycosphaerellaceae",100,"Mycosphaerella",100,"",67,461
"ASV462","ASV462","+","Fungi",100,"Basidiomycota",100,"Cystobasidiomycetes",100,"Erythrobasidiales",100,"Erythrobasidiales_Incertae sedis",100,"Erythrobasidium",100,"Sporobolomyces yunnanensis",100,462
"ASV466","ASV466","+","Fungi",100,"Basidiomycota",100,"Tremellomycetes",100,"Tremellales",100,"Tremellales_Incertae sedis",100,"Dioszegia",100,"Dioszegia changbaiensis",99,466
"ASV468","ASV468","+","Fungi",100,"Basidiomycota",100,"Tremellomycetes",100,"Filobasidiales",100,"Filobasidiaceae",100,"Filobasidium",100,"Filobasidium floriforme",100,468
"ASV469","ASV469","+","Fungi",100,"Basidiomycota",100,"Tremellomycetes",100,"Tremellales",100,"Tremellaceae",83,"Cryptococcus",83,"Cryptococcus_sp_UFMG_BRO506|SH229460.06FU",77,469
"ASV471","ASV471","+","Fungi",100,"Basidiomycota",100,"Microbotryomycetes",100,"Sporidiobolales",100,"Sporidiobolales_Incertae sedis",100,"Rhodotorula",100,"Rhodotorula ingeniosa",91,471
"ASV473","ASV473","+","Fungi",100,"Ascomycota",100,"Taphrinomycetes",100,"Taphrinales",100,"Taphrinaceae",100,"Lalaria",100,"Lalaria inositophila",100,473
"ASV476","ASV476","+","Fungi",100,"Ascomycota",99,"Dothideomycetes",86,"Pleosporales",82,"",15,"",14,"",6,476
"ASV477","ASV477","+","Fungi",100,"Basidiomycota",100,"Ustilaginomycetes",99,"Ustilaginales",99,"Ustilaginaceae",99,"Ustilago",80,"",39,477
"ASV478","ASV478","+","Fungi",100,"Ascomycota",95,"Dothideomycetes",81,"Pleosporales",80,"Lophiostomataceae",70,"Tetraploa",70,"Tetraploa aristata",70,478
"ASV480","ASV480","+","Fungi",100,"Chytridiomycota",70,"Chytridiomycetes",70,"Spizellomycetales",71,"Spizellomycetaceae",71,"Spizellomyces",70,"",32,480
"ASV481","ASV481","+","Fungi",100,"Ascomycota",100,"Dothideomycetes",100,"Capnodiales",100,"Mycosphaerellaceae",100,"Mycosphaerella",100,"Mycosphaerella nyssicola",100,481
"ASV482","ASV482","+","Fungi",100,"Ascomycota",100,"Dothideomycetes",98,"Capnodiales",98,"Mycosphaerellaceae",98,"Mycosphaerella",96,"Dothideomycetes_sp|SH216152.06FU",100,482
"ASV483","ASV483","+","Fungi",100,"Ascomycota",98,"Eurotiomycetes",98,"Chaetothyriales",98,"Chaetothyriales_Incertae sedis",98,"Strelitziana",98,"Strelitziana mali",88,483
"ASV486","ASV486","+","Fungi",100,"Ascomycota",100,"Sordariomycetes",100,"Xylariales",100,"Hyponectriaceae",99,"Microdochium",97,"Microdochium bolleyi",97,486
"ASV487","ASV487","+","Fungi",100,"Ascomycota",100,"Leotiomycetes",100,"Helotiales",100,"Sclerotiniaceae",100,"Botryotinia",85,"Botrytis_caroliniana|SH237443.06FU",99,487
"ASV488","ASV488","+","Fungi",100,"Ascomycota",91,"",27,"",14,"",14,"",14,"",12,488
"ASV491","ASV491","+","Fungi",100,"Ascomycota",93,"Dothideomycetes",86,"Pleosporales",83,"Lophiostomataceae",74,"Lophiostoma",74,"",57,491
"ASV492","ASV492","+","Fungi",100,"Basidiomycota",99,"Tremellomycetes",96,"Tremellales",96,"Tremellales_Incertae sedis",96,"Kockovaella",95,"",50,492
"ASV493","ASV493","+","Fungi",100,"Ascomycota",100,"Dothideomycetes",100,"Capnodiales",100,"Schizothyriaceae",100,"Zygophiala",100,"Schizothyriaceae_sp|SH232271.06FU",96,493
"ASV494","ASV494","+","Fungi",100,"Ascomycota",100,"Dothideomycetes",100,"Pleosporales",100,"Lophiostomataceae",100,"Lophiostoma",100,"Lophiostoma_fuckelii|SH237048.06FU",100,494
"ASV496","ASV496","+","Fungi",100,"Ascomycota",94,"Dothideomycetes",91,"Pleosporales",87,"Phaeosphaeriaceae",78,"",51,"",49,496
"ASV497","ASV497","+","Fungi",100,"Ascomycota",99,"Dothideomycetes",99,"Pleosporales",100,"Pleosporales_unidentified",100,"Pleosporales_unidentified_1",100,"Pleosporales_sp|SH231238.06FU",100,497
"ASV498","ASV498","+","Fungi",100,"Basidiomycota",98,"Agaricostilbomycetes",84,"Agaricostilbales",84,"Chionosphaeraceae",84,"Kurtzmanomyces",84,"",34,498
"ASV499","ASV499","+","Fungi",100,"Ascomycota",100,"Dothideomycetes",100,"Pleosporales",100,"Phaeosphaeriaceae",84,"Phaeosphaeria",84,"Phaeosphaeria sp 1 MM_2012",72,499
"ASV503","ASV503","+","Fungi",100,"Ascomycota",100,"Dothideomycetes",100,"Pleosporales",100,"Pleosporaceae",100,"Cochliobolus",100,"Cochliobolus intermedius",99,503
"ASV506","ASV506","+","Fungi",100,"Ascomycota",100,"Dothideomycetes",100,"Pleosporales",100,"Montagnulaceae",100,"Paraphaeosphaeria",100,"Paraphaeosphaeria michotii",100,506
"ASV507","ASV507","+","Fungi",100,"Ascomycota",100,"Sordariomycetes",100,"Xylariales",100,"Amphisphaeriaceae",100,"Pestalotiopsis",100,"Pestalotiopsis aquatica",90,507
"ASV509","ASV509","+","Fungi",100,"Basidiomycota",78,"Tremellomycetes",100,"Tremellales",100,"Incertae_sedis_12",100,"Cryptococcus_1",100,"Cryptococcus_aff_taibaiensis_IMUFRJ_51982|SH198061.06FU",100,509
"ASV510","ASV510","+","Fungi",100,"Ascomycota",100,"Dothideomycetes",100,"Capnodiales",100,"Mycosphaerellaceae",100,"Mycosphaerella",98,"Sphaerulina_pseudovirgaureae|SH212655.06FU",87,510
"ASV511","ASV511","+","Fungi",100,"Ascomycota",94,"Dothideomycetes",93,"Pleosporales",91,"Phaeosphaeriaceae",76,"",39,"",39,511
"ASV513","ASV513","+","Fungi",100,"Basidiomycota",100,"Ustilaginomycetes",100,"Ustilaginales",100,"Ustilaginaceae",100,"Pseudozyma",97,"Pseudozyma tsukubaensis",97,513
"ASV515","ASV515","+","Fungi",100,"Ascomycota",100,"Sordariomycetes",100,"Trichosphaeriales",100,"Trichosphaeriales_Incertae sedis",100,"Khuskia",90,"Trichosphaeriales_sp|SH237073.06FU",83,515
"ASV516","ASV516","+","Fungi",100,"Ascomycota",81,"",10,"",9,"",9,"",9,"",9,516
"ASV520","ASV520","+","Fungi",100,"Ascomycota",100,"Dothideomycetes",100,"Pleosporales",100,"Leptosphaeriaceae",100,"Paraphoma",100,"Paraphoma chrysanthemicola",100,520
"ASV522","ASV522","+","Fungi",100,"Ascomycota",100,"Sordariomycetes",100,"Xylariales",100,"Xylariales_Incertae sedis",100,"Phomatospora",100,"Dinemasporium strigosum",100,522
"ASV523","ASV523","+","Fungi",100,"Ascomycota",92,"",62,"",59,"",34,"",34,"",22,523
"ASV524","ASV524","+","Fungi",100,"Ascomycota",81,"",18,"",7,"",7,"",7,"",7,524
"ASV525","ASV525","+","Fungi",100,"Ascomycota",100,"Sordariomycetes",100,"Sordariomycetidae_Incertae sedis",100,"Glomerellaceae",100,"Glomerella",100,"",45,525
"ASV527","ASV527","+","Fungi",100,"Ascomycota",100,"Taphrinomycetes",100,"Taphrinales",100,"Taphrinaceae",100,"Taphrina",92,"Taphrina_confusa|SH211014.06FU",97,527
"ASV528","ASV528","+","Fungi",100,"Ascomycota",100,"Taphrinomycetes",100,"Taphrinales",100,"Taphrinaceae",100,"Lalaria",100,"Lalaria inositophila",100,528
"ASV531","ASV531","+","Fungi",100,"Ascomycota",94,"Leotiomycetes",100,"Helotiales",100,"Helotiales_unidentified",100,"Helotiales_unidentified_1",100,"Helotiales_sp|SH191096.06FU",100,531
"ASV532","ASV532","+","Fungi",100,"Ascomycota",100,"Dothideomycetes",100,"Pleosporales",100,"Pleosporaceae",100,"Cochliobolus",96,"Bipolaris spicifera",92,532
"ASV534","ASV534","+","Fungi",100,"Basidiomycota",99,"Cystobasidiomycetes",89,"Cystobasidiales",89,"Cystobasidiaceae",89,"Occultifur",89,"Occultifur externus",89,534
"ASV536","ASV536","+","Fungi",100,"Basidiomycota",100,"Microbotryomycetes",100,"Sporidiobolales",100,"Sporidiobolales_Incertae sedis",100,"Rhodotorula",100,"Rhodotorula_nothofagi|SH223682.06FU",100,536
"ASV538","ASV538","+","Fungi",100,"Ascomycota",96,"",53,"",40,"",40,"",38,"",38,538
"ASV539","ASV539","+","Fungi",100,"Ascomycota",100,"Leotiomycetes",100,"Helotiales",100,"Sclerotiniaceae",100,"Botryotinia",87,"Botrytis_caroliniana|SH237443.06FU",99,539
"ASV540","ASV540","+","Fungi",100,"Ascomycota",100,"Sordariomycetes",100,"Hypocreales",100,"Nectriaceae",100,"Gibberella",91,"Fusarium kyushuense",78,540
"ASV542","ASV542","+","Fungi",100,"Basidiomycota",76,"Agaricomycetes",76,"",22,"",22,"",20,"",20,542
"ASV544","ASV544","+","Fungi",100,"Ascomycota",75,"",67,"",40,"",19,"",19,"",17,544
"ASV546","ASV546","+","Fungi",100,"Ascomycota",100,"Sordariomycetes",100,"Trichosphaeriales",100,"Trichosphaeriales_Incertae sedis",100,"",53,"",29,546
"ASV549","ASV549","+","Fungi",100,"Ascomycota",91,"Dothideomycetes",88,"Pleosporales",83,"Phaeosphaeriaceae",71,"Dothideomycetes_unidentified_1",95,"Dothideomycetes_sp|SH227809.06FU",95,549
"ASV551","ASV551","+","Fungi",100,"Ascomycota",100,"Eurotiomycetes",100,"Eurotiales",100,"Trichocomaceae",100,"Petromyces",100,"Aspergillus flavus",89,551
"ASV552","ASV552","+","Fungi",100,"Basidiomycota",97,"Tremellomycetes",92,"Tremellales",92,"Tremellales_Incertae sedis",92,"Bullera",91,"Bullera variabilis",91,552
"ASV553","ASV553","+","Fungi",100,"Ascomycota",78,"",21,"",21,"",21,"",14,"",14,553
"ASV555","ASV555","+","Fungi",100,"Basidiomycota",83,"",44,"",44,"",33,"",33,"",20,555
"ASV556","ASV556","+","Fungi",100,"Ascomycota",99,"Dothideomycetes",82,"Capnodiales",82,"Mycosphaerellaceae",77,"Colletogloeum",100,"Colletogloeum_sp|SH220698.06FU",100,556
"ASV557","ASV557","+","Fungi",100,"Ascomycota",98,"Dothideomycetes",96,"Pleosporales",95,"Ascomycota_unidentified_1",100,"Ascomycota_unidentified_1_1",100,"Ascomycota_sp|SH237537.06FU",100,557
"ASV561","ASV561","+","Fungi",100,"Ascomycota",84,"Dothideomycetes",73,"Pleosporales",73,"Pleosporales_unidentified",100,"Pleosporales_unidentified_1",100,"Pleosporales_sp|SH232020.06FU",100,561
"ASV562","ASV562","+","Fungi",100,"Ascomycota",100,"Eurotiomycetes",100,"Chaetothyriales",100,"Chaetothyriales_Incertae sedis",100,"Strelitziana",100,"Strelitziana_albiziae|SH211993.06FU",100,562
"ASV563","ASV563","+","Fungi",100,"Ascomycota",100,"Eurotiomycetes",100,"Chaetothyriales",100,"Chaetothyriaceae",100,"Cyphellophora",100,"",52,563
"ASV564","ASV564","+","Fungi",100,"Ascomycota",100,"Dothideomycetes",100,"Pleosporales",100,"Pleosporaceae",100,"Cochliobolus",100,"Cochliobolus intermedius",100,564
"ASV565","ASV565","+","Fungi",100,"Ascomycota",96,"Dothideomycetes",96,"Pleosporales",88,"Phaeosphaeriaceae",70,"Pleosporales_unidentified_1",100,"Pleosporales_sp|SH206986.06FU",100,565
"ASV566","ASV566","+","Fungi",100,"Ascomycota",100,"Dothideomycetes",99,"Capnodiales",99,"Capnodiales_Incertae sedis",99,"Toxicocladosporium",99,"Toxicocladosporium pseudoveloxum",99,566
"ASV568","ASV568","+","Fungi",100,"Ascomycota",96,"",30,"",30,"",30,"",30,"",30,568
"ASV569","ASV569","+","Fungi",100,"Basidiomycota",100,"Exobasidiomycetes",100,"Entylomatales",100,"Entylomataceae",100,"Entyloma",100,"",53,569
"ASV570","ASV570","+","Fungi",100,"Ascomycota",92,"Dothideomycetes",84,"Botryosphaeriales",87,"",58,"",58,"",58,570
"ASV576","ASV576","+","Fungi",100,"Basidiomycota",100,"Tremellomycetes",100,"Filobasidiales",100,"Filobasidiaceae",100,"Filobasidium",100,"Filobasidium floriforme",100,576
"ASV577","ASV577","+","Fungi",100,"Ascomycota",95,"Dothideomycetes",91,"Pleosporales",90,"",55,"",53,"",51,577
"ASV578","ASV578","+","Fungi",100,"Basidiomycota",99,"Microbotryomycetes",79,"Sporidiobolales",79,"Sporidiobolales_Incertae sedis",79,"Rhodotorula",74,"Rhodotorula_sp_YM24636|SH227561.06FU",73,578
"ASV579","ASV579","+","Fungi",100,"Basidiomycota",100,"Tremellomycetes",100,"Tremellales",100,"Tremellaceae",100,"Cryptococcus",100,"Cryptococcus tephrensis",87,579
"ASV580","ASV580","+","Fungi",100,"Basidiomycota",77,"Agaricomycetes",74,"",64,"",64,"",64,"",63,580
"ASV581","ASV581","+","Fungi",100,"",59,"",12,"",12,"",8,"",8,"",8,581
"ASV585","ASV585","+","Fungi",100,"",57,"",8,"",8,"",8,"",8,"",7,585
"ASV587","ASV587","+","Fungi",100,"Basidiomycota",100,"Ustilaginomycetes",100,"Ustilaginales",100,"Ustilaginaceae",100,"Ustilago",100,"Ustilago bullata",99,587
"ASV588","ASV588","+","Fungi",100,"Basidiomycota",100,"Exobasidiomycetes",100,"Entylomatales",100,"Entylomataceae",100,"Entyloma",100,"Exobasidiomycetes_sp|SH228428.06FU",100,588
"ASV590","ASV590","+","Fungi",100,"Ascomycota",95,"",42,"",42,"",42,"",42,"",40,590
"ASV591","ASV591","+","Fungi",100,"Ascomycota",85,"Dothideomycetes",97,"Pleosporales",96,"Pleosporales_unidentified",94,"Pleosporales_unidentified_1",94,"Pleosporales_sp|SH203351.06FU",87,591
"ASV595","ASV595","+","Fungi",100,"Basidiomycota",100,"Tremellomycetes",100,"Cystofilobasidiales",100,"Cystofilobasidiaceae",100,"Itersonilia",99,"Itersonilia perplexans",99,595
"ASV596","ASV596","+","Fungi",100,"Ascomycota",100,"Sordariomycetes",100,"Xylariales",100,"Hyponectriaceae",100,"Monographella",99,"Microdochium majus",81,596
"ASV598","ASV598","+","Fungi",100,"Basidiomycota",100,"Tremellomycetes",100,"Tremellales",100,"Tremellaceae",100,"Cryptococcus",100,"Cryptococcus laurentii",100,598
"ASV599","ASV599","+","Fungi",100,"Basidiomycota",100,"Cystobasidiomycetes",100,"Erythrobasidiales",100,"Erythrobasidiales_Incertae sedis",100,"Erythrobasidium",100,"Erythrobasidium_hasegawianum|SH239324.06FU",92,599
"ASV600","ASV600","+","Fungi",100,"Ascomycota",84,"Ascomycota_unidentified",96,"Ascomycota_unidentified_1",96,"Ascomycota_unidentified_1",96,"Ascomycota_unidentified_1_1",96,"Ascomycota_sp|SH191097.06FU",96,600
"ASV601","ASV601","+","Fungi",100,"Ascomycota",100,"Eurotiomycetes",100,"Eurotiales",100,"Trichocomaceae",100,"Penicillium",99,"Penicillium oxalicum",97,601
"ASV602","ASV602","+","Fungi",100,"Ascomycota",100,"Sordariomycetes",100,"Hypocreales",100,"Clavicipitaceae",100,"Claviceps",100,"Claviceps purpurea",100,602
"ASV603","ASV603","+","Fungi",100,"Ascomycota",100,"Dothideomycetes",100,"Capnodiales",100,"Mycosphaerellaceae",100,"Dissoconium",100,"Dissoconium aciculare",94,603
"ASV605","ASV605","+","Fungi",100,"Ascomycota",100,"Eurotiomycetes",100,"Chaetothyriales",100,"Herpotrichiellaceae",96,"Phialophora",96,"Phialophora sessilis",96,605
"ASV607","ASV607","+","Fungi",100,"Ascomycota",100,"Dothideomycetes",100,"Capnodiales",100,"Mycosphaerellaceae",100,"Ramichloridium",92,"Ramichloridium cerophilum",92,607
"ASV608","ASV608","+","Fungi",100,"Ascomycota",100,"Taphrinomycetes",100,"Taphrinales",100,"Taphrinaceae",100,"Taphrina",83,"Taphrina carpini",79,608
"ASV612","ASV612","+","Fungi",100,"Ascomycota",90,"Dothideomycetes",78,"Pleosporales",76,"Lophiostomataceae",74,"Massarina",74,"Massarina igniaria",71,612
"ASV614","ASV614","+","Fungi",100,"Basidiomycota",100,"Ustilaginomycetes",100,"Ustilaginales",100,"Ustilaginaceae",100,"Ustilago",100,"Ustilago trichophora",95,614
"ASV616","ASV616","+","Fungi",100,"Ascomycota",87,"",23,"",13,"",5,"",5,"",5,616
"ASV617","ASV617","+","Fungi",100,"Ascomycota",95,"Dothideomycetes",93,"Pleosporales",92,"Incertae_sedis_16",90,"Wojnowicia",90,"Wojnowicia_viburni|SH207003.06FU",90,617
"ASV618","ASV618","+","Fungi",100,"Ascomycota",99,"Dothideomycetes",94,"Capnodiales",94,"",44,"",44,"",17,618
"ASV619","ASV619","+","Fungi",100,"Ascomycota",100,"Dothideomycetes",100,"Pleosporales",100,"Pleosporaceae",100,"Cochliobolus",96,"Bipolaris spicifera",94,619
"ASV620","ASV620","+","Fungi",100,"Basidiomycota",100,"Ustilaginomycetes",100,"Ustilaginales",100,"Ustilaginaceae",100,"",38,"",27,620
"ASV621","ASV621","+","Fungi",100,"Ascomycota",100,"Dothideomycetes",99,"Capnodiales",99,"",39,"",33,"",33,621
"ASV622","ASV622","+","Fungi",100,"Basidiomycota",100,"Cystobasidiomycetes",100,"Erythrobasidiales",100,"Erythrobasidiales_Incertae sedis",100,"Erythrobasidium",100,"Erythrobasidium_hasegawianum|SH239324.06FU",100,622
"ASV624","ASV624","+","Fungi",100,"",47,"",47,"",47,"",47,"",47,"",47,624
"ASV625","ASV625","+","Fungi",100,"Basidiomycota",100,"Microbotryomycetes",100,"Sporidiobolales",100,"Sporidiobolales_Incertae sedis",100,"Sporobolomyces",100,"Sporobolomyces sasicola",74,625
"ASV628","ASV628","+","Fungi",100,"Ascomycota",100,"Dothideomycetes",100,"Pleosporales",100,"Pleosporaceae",100,"Cochliobolus",100,"Cochliobolus pallescens",99,628
"ASV631","ASV631","+","Fungi",100,"Ascomycota",90,"Dothideomycetes",86,"Pleosporales",86,"",32,"",32,"",27,631
"ASV632","ASV632","+","Fungi",100,"Ascomycota",100,"Dothideomycetes",100,"Dothideomycetes_Incertae sedis",100,"Dothideomycetes_Incertae sedis",100,"Peltaster",100,"Peltaster fructicola",100,632
"ASV635","ASV635","+","Fungi",100,"Ascomycota",98,"Dothideomycetes",97,"Pleosporales",86,"Phaeosphaeriaceae",84,"Phaeosphaeria",84,"Phaeosphaeria phragmitis",82,635
"ASV636","ASV636","+","Fungi",100,"Basidiomycota",95,"Tremellomycetes",94,"Tremellales",94,"Tremellales_Incertae sedis",93,"Dioszegia",88,"",32,636
"ASV637","ASV637","+","Fungi",100,"Ascomycota",100,"Sordariomycetes",100,"Sordariomycetidae_Incertae sedis",100,"Glomerellaceae",100,"Glomerella",100,"Glomerella magna",81,637
"ASV638","ASV638","+","Fungi",100,"Ascomycota",100,"Dothideomycetes",99,"Capnodiales",99,"Mycosphaerellaceae",97,"",37,"",23,638
"ASV639","ASV639","+","Fungi",100,"Ascomycota",98,"Leotiomycetes",85,"Ascomycota_unidentified_1",100,"Ascomycota_unidentified_1",100,"Ascomycota_unidentified_1_1",100,"Ascomycota_sp|SH190182.06FU",100,639
"ASV640","ASV640","+","Fungi",100,"Ascomycota",100,"Dothideomycetes",96,"Capnodiales",96,"Teratosphaeriaceae",72,"",32,"",21,640
"ASV643","ASV643","+","Fungi",100,"Basidiomycota",95,"Tremellomycetes",77,"Tremellales",82,"Incertae_sedis_12",82,"Cryptococcus_1",82,"Cryptococcus_sp_QMW_2009a|SH209978.06FU",82,643
"ASV644","ASV644","+","Fungi",100,"Ascomycota",100,"Dothideomycetes",100,"Pleosporales",100,"Phaeosphaeriaceae",100,"Phaeosphaeria",100,"Stagonospora_pseudovitensis|SH199974.06FU",99,644
"ASV645","ASV645","+","Fungi",100,"Ascomycota",84,"Dothideomycetes",72,"",63,"",50,"",50,"",44,645
"ASV648","ASV648","+","Fungi",100,"Basidiomycota",98,"Agaricomycetes",98,"Agaricales",98,"Mycenaceae",94,"Panellus",78,"",67,648
"ASV649","ASV649","+","Fungi",100,"Ascomycota",100,"Dothideomycetes",99,"Capnodiales",99,"",40,"",37,"",37,649
"ASV650","ASV650","+","Fungi",100,"Ascomycota",100,"Dothideomycetes",100,"Capnodiales",100,"Schizothyriaceae",100,"Zygophiala",100,"Schizothyrium pomi",90,650
"ASV652","ASV652","+","Fungi",100,"Ascomycota",100,"Dothideomycetes",100,"Pleosporales",100,"Pleosporaceae",100,"Cochliobolus",100,"Cochliobolus heterostrophus",99,652
"ASV656","ASV656","+","Fungi",100,"Ascomycota",100,"Dothideomycetes",100,"Pleosporales",100,"Pleosporaceae",100,"Lewia",100,"Alternaria_metachromatica|SH224792.06FU",100,656
"ASV657","ASV657","+","Fungi",100,"Ascomycota",100,"Dothideomycetes",100,"Incertae_sedis_8",100,"Incertae_sedis_19",100,"Leptospora",100,"Leptospora_rubella|SH213116.06FU",100,657
"ASV661","ASV661","+","Fungi",100,"Ascomycota",85,"Sordariomycetes",75,"Hypocreales",100,"Incertae_sedis_3",100,"Stachybotrys",100,"Stachybotrys_sp|SH222253.06FU",100,661
"ASV663","ASV663","+","Fungi",100,"Basidiomycota",100,"Agaricomycetes",100,"Agaricales",100,"Strophariaceae",96,"Psilocybe",96,"Psilocybe montana",73,663
"ASV666","ASV666","+","Fungi",100,"",49,"",18,"",18,"",18,"",12,"",12,666
"ASV667","ASV667","+","Fungi",100,"Basidiomycota",91,"Agaricomycetes",88,"",11,"",11,"",11,"",9,667
"ASV669","ASV669","+","Fungi",100,"Basidiomycota",100,"Microbotryomycetes",100,"Sporidiobolales",100,"Sporidiobolales_Incertae sedis",100,"Rhodotorula",100,"Rhodotorula nothofagi",100,669
"ASV670","ASV670","+","Fungi",100,"Ascomycota",100,"Dothideomycetes",100,"Pleosporales",100,"Pleosporaceae",100,"Curvularia",71,"Dothideomycetes_sp|SH224798.06FU",100,670
"ASV672","ASV672","+","Fungi",100,"Ascomycota",91,"Dothideomycetes",77,"Dothideomycetes_Incertae sedis",70,"Dothideomycetes_Incertae sedis",70,"Rhizopycnis",70,"Rhizopycnis vagum",70,672
"ASV673","ASV673","+","Fungi",100,"Ascomycota",100,"Dothideomycetes",100,"Capnodiales",100,"Schizothyriaceae",100,"Zygophiala",100,"Zygophiala wisconsinensis",87,673
"ASV675","ASV675","+","Fungi",100,"Ascomycota",89,"Dothideomycetes",85,"Pleosporales",85,"",31,"",31,"",27,675
"ASV678","ASV678","+","Fungi",100,"Basidiomycota",100,"Ustilaginomycetes",100,"Ustilaginales",100,"Ustilaginaceae",100,"Sporisorium",91,"",59,678
"ASV680","ASV680","+","Fungi",100,"Ascomycota",75,"",18,"",6,"",6,"",6,"",6,680
"ASV682","ASV682","+","Fungi",100,"Ascomycota",100,"Dothideomycetes",100,"Capnodiales",100,"Mycosphaerellaceae",100,"Mycosphaerella",97,"Sphaerulina_pseudovirgaureae|SH212655.06FU",76,682
"ASV686","ASV686","+","Fungi",100,"Basidiomycota",100,"Microbotryomycetes",100,"Leucosporidiales",100,"Leucosporidiaceae",100,"Leucosporidiella",99,"Leucosporidiella fragaria",93,686
"ASV688","ASV688","+","Fungi",100,"Ascomycota",94,"",43,"",34,"",34,"",32,"",32,688
"ASV689","ASV689","+","Fungi",100,"Ascomycota",94,"Dothideomycetes",92,"Pleosporales",92,"Lophiostomataceae",90,"Lophiostoma",90,"Lophiostoma semiliberum",77,689
"ASV691","ASV691","+","Fungi",100,"Ascomycota",97,"Dothideomycetes",96,"Dothideomycetes_unidentified",92,"Dothideomycetes_unidentified_1",92,"Dothideomycetes_unidentified_1",92,"",28,691
"ASV692","ASV692","+","Fungi",100,"Ascomycota",100,"Sordariomycetes",100,"Hypocreales",100,"Hypocreales_Incertae sedis",100,"Acremonium",99,"Acremonium implicatum",99,692
"ASV693","ASV693","+","Fungi",100,"Basidiomycota",100,"Exobasidiomycetes",100,"Tilletiales",100,"Tilletiaceae",100,"Tilletia",100,"Tilletia moliniae",97,693
"ASV698","ASV698","+","Fungi",100,"Basidiomycota",100,"Tremellomycetes",100,"Tremellales",100,"Tremellaceae",100,"Cryptococcus",100,"Cryptococcus_albidus|SH231202.06FU",100,698
"ASV699","ASV699","+","Fungi",100,"Ascomycota",100,"Eurotiomycetes",100,"Chaetothyriales",100,"Chaetothyriaceae",100,"Cyphellophora",100,"Chaetothyriales_sp|SH232791.06FU",100,699
"ASV700","ASV700","+","Fungi",100,"Basidiomycota",95,"Tremellomycetes",90,"Tremellales",90,"Incertae_sedis_12",100,"Cryptococcus_1",100,"Cryptococcus_sp|SH197115.06FU",94,700
"ASV701","ASV701","+","Fungi",100,"Basidiomycota",99,"Microbotryomycetes",99,"Sporidiobolales",99,"Sporidiobolales_Incertae sedis",99,"Incertae_sedis_25_unidentified",100,"Sporidiobolales_sp|SH228924.06FU",100,701
"ASV702","ASV702","+","Fungi",100,"Ascomycota",99,"Dothideomycetes",94,"Capnodiales",94,"",38,"",33,"",33,702
"ASV705","ASV705","+","Fungi",100,"Ascomycota",88,"Dothideomycetes",77,"Pleosporales",77,"Leptosphaeriaceae",93,"Coniothyrium",93,"Coniothyrium_sidae|SH196237.06FU",93,705
"ASV710","ASV710","+","Fungi",100,"Basidiomycota",79,"",31,"",31,"",31,"",31,"",30,710
"ASV711","ASV711","+","Fungi",100,"",23,"",17,"",17,"",17,"",17,"",17,711
"ASV713","ASV713","+","Fungi",100,"Ascomycota",97,"Eurotiomycetes",76,"Chaetothyriales",76,"Chaetothyriales_unidentified",76,"Chaetothyriales_unidentified_1",76,"",64,713
"ASV718","ASV718","+","Fungi",100,"Ascomycota",96,"Dothideomycetes",89,"Pleosporales",88,"Phaeosphaeriaceae",73,"",34,"",32,718
"ASV719","ASV719","+","Fungi",100,"Basidiomycota",100,"Tremellomycetes",100,"Tremellales",100,"Tremellaceae",100,"Cryptococcus",100,"Cryptococcus flavescens",99,719
"ASV720","ASV720","+","Fungi",100,"Ascomycota",99,"Eurotiomycetes",94,"Chaetothyriales",91,"",43,"",35,"",35,720
"ASV721","ASV721","+","Fungi",100,"Basidiomycota",99,"Tremellomycetes",94,"Tremellales",94,"Tremellales_Incertae sedis",94,"Bullera",93,"Bullera variabilis",93,721
"ASV722","ASV722","+","Fungi",100,"Ascomycota",75,"Dothideomycetes",100,"Pleosporales",100,"Incertae_sedis_13",100,"Periconia",100,"Periconia_sp|SH232015.06FU",100,722
"ASV724","ASV724","+","Fungi",100,"Basidiomycota",100,"Agaricomycetes",100,"Auriculariales",100,"Auriculariales_Incertae sedis",100,"Exidia",100,"Exidia glandulosa",100,724
"ASV727","ASV727","+","Fungi",100,"Basidiomycota",84,"",56,"",56,"",56,"",52,"",13,727
"ASV728","ASV728","+","Fungi",100,"Ascomycota",100,"Dothideomycetes",100,"Capnodiales",100,"Schizothyriaceae",100,"Zygophiala",100,"Schizothyrium pomi",100,728
"ASV729","ASV729","+","Fungi",100,"Ascomycota",77,"",22,"",19,"",2,"",2,"",2,729
"ASV731","ASV731","+","Fungi",100,"Ascomycota",100,"Dothideomycetes",97,"Capnodiales",97,"Teratosphaeriaceae",95,"Penidiella",79,"Penidiella_sp|SH238983.06FU",79,731
"ASV733","ASV733","+","Fungi",100,"Ascomycota",100,"Dothideomycetes",100,"Pleosporales",100,"Montagnulaceae",100,"Paraphaeosphaeria",100,"Paraphaeosphaeria michotii",100,733
"ASV749","ASV749","+","Fungi",100,"Ascomycota",95,"Dothideomycetes",82,"Pleosporales",81,"Lophiostomataceae",72,"Tetraploa",72,"Tetraploa aristata",72,749
"ASV752","ASV752","+","Fungi",100,"Ascomycota",88,"Dothideomycetes",71,"",57,"",43,"",24,"",24,752
"ASV758","ASV758","+","Fungi",100,"",30,"",11,"",11,"",11,"",9,"",9,758
"ASV759","ASV759","+","Fungi",100,"Basidiomycota",100,"Agaricomycetes",100,"Russulales",100,"Stereaceae",100,"Stereum",100,"Stereum hirsutum",96,759
"ASV761","ASV761","+","Fungi",100,"Ascomycota",100,"Dothideomycetes",100,"Pleosporales",100,"Leptosphaeriaceae",100,"Paraphoma",100,"Paraphoma chrysanthemicola",100,761
"ASV762","ASV762","+","Fungi",100,"Ascomycota",100,"Dothideomycetes",100,"Pleosporales",100,"Didymellaceae",100,"Leptosphaerulina",100,"Leptosphaerulina chartarum",100,762
"ASV770","ASV770","+","Fungi",100,"Ascomycota",88,"Dothideomycetes",78,"Pleosporales",71,"Incertae_sedis_19",76,"Leptospora",76,"Leptospora_rubella|SH213116.06FU",76,770
"ASV774","ASV774","+","Fungi",100,"Ascomycota",100,"Dothideomycetes",100,"Pleosporales",100,"Pleosporaceae",100,"Curvularia",82,"Pleosporaceae_sp|SH224813.06FU",85,774
"ASV779","ASV779","+","Fungi",100,"Basidiomycota",81,"Tremellomycetes",80,"Tremellales",80,"Incertae_sedis_12",80,"Cryptococcus_1",80,"Cryptococcus_sp_QMW_2009a|SH209978.06FU",80,779
"ASV780","ASV780","+","Fungi",100,"Ascomycota",100,"Dothideomycetes",100,"Pleosporales",100,"Leptosphaeriaceae",99,"Paraphoma",99,"Paraphoma chrysanthemicola",99,780
"ASV781","ASV781","+","Fungi",100,"Basidiomycota",100,"Microbotryomycetes",100,"Sporidiobolales",100,"Sporidiobolales_Incertae sedis",100,"Rhodosporidium",99,"Rhodosporidium azoricum",97,781
"ASV784","ASV784","+","Fungi",100,"Basidiomycota",100,"Agaricomycetes",100,"Polyporales",100,"Polyporaceae",100,"Trichaptum",100,"Trichaptum biforme",100,784
"ASV786","ASV786","+","Fungi",100,"Basidiomycota",98,"Agaricomycetes",96,"Agaricomycetes_unidentified",94,"Agaricomycetes_unidentified_1",94,"Agaricomycetes_unidentified_1",94,"Agaricomycetes_sp|SH218253.06FU",94,786
"ASV788","ASV788","+","Fungi",100,"Ascomycota",100,"Dothideomycetes",97,"Capnodiales",96,"Teratosphaeriaceae",89,"",57,"",57,788
"ASV793","ASV793","+","Fungi",100,"Ascomycota",100,"Dothideomycetes",100,"Capnodiales",100,"Mycosphaerellaceae",100,"Mycosphaerella",97,"Ascomycota_sp|SH216151.06FU",96,793
"ASV794","ASV794","+","Fungi",100,"Ascomycota",100,"Dothideomycetes",100,"Pleosporales",100,"Montagnulaceae",90,"Paraconiothyrium",90,"",38,794
"ASV801","ASV801","+","Fungi",100,"Ascomycota",100,"Eurotiomycetes",100,"Chaetothyriales",100,"Chaetothyriales_Incertae sedis",100,"Strelitziana",100,"Strelitziana africana",100,801
"ASV804","ASV804","+","Fungi",100,"Ascomycota",100,"Dothideomycetes",100,"Pleosporales",100,"Pleosporaceae",100,"Cochliobolus",99,"Cochliobolus pallescens",98,804
"ASV806","ASV806","+","Fungi",100,"Ascomycota",100,"Sordariomycetes",100,"Hypocreales",100,"Bionectriaceae",99,"Bionectria",99,"Bionectria epichloe",99,806
"ASV808","ASV808","+","Fungi",100,"Ascomycota",84,"Ascomycota_unidentified",96,"Ascomycota_unidentified_1",96,"Ascomycota_unidentified_1",96,"Ascomycota_unidentified_1_1",96,"Ascomycota_sp|SH191097.06FU",96,808
"ASV811","ASV811","+","Fungi",100,"Ascomycota",100,"Dothideomycetes",100,"Pleosporales",100,"Pleosporaceae",100,"Cochliobolus",100,"Bipolaris_microstegii|SH224794.06FU",96,811
"ASV817","ASV817","+","Fungi",100,"Ascomycota",98,"Sordariomycetes",87,"Sordariomycetes_unidentified",73,"Sordariomycetes_unidentified_1",73,"Sordariomycetes_unidentified_1",73,"",40,817
"ASV819","ASV819","+","Fungi",100,"Basidiomycota",100,"Tremellomycetes",99,"Tremellales",99,"Tremellaceae",99,"Cryptococcus",99,"Cryptococcus_sp|SH223310.06FU",78,819
"ASV820","ASV820","+","Fungi",100,"Basidiomycota",100,"Agaricomycetes",100,"Agaricales",100,"Strophariaceae",94,"Psilocybe",94,"Psilocybe montana",86,820
"ASV823","ASV823","+","Fungi",100,"Ascomycota",91,"",44,"",33,"",33,"",26,"",26,823
"ASV825","ASV825","+","Fungi",100,"Ascomycota",100,"Taphrinomycetes",100,"Taphrinales",100,"Taphrinaceae",100,"Lalaria",94,"Lalaria_carpini|SH219277.06FU",82,825
"ASV826","ASV826","+","Fungi",100,"Ascomycota",97,"Taphrinomycetes",95,"Taphrinales",95,"Taphrinaceae",95,"Taphrina",75,"Taphrina_sp|SH211021.06FU",100,826
"ASV827","ASV827","+","Fungi",100,"Basidiomycota",100,"Microbotryomycetes",100,"Leucosporidiales",100,"Leucosporidiaceae",100,"Leucosporidiella",72,"Fungi_sp|SH212316.06FU",100,827
"ASV828","ASV828","+","Fungi",100,"Ascomycota",96,"Pezizomycotina_Incertae sedis",96,"Pezizomycotina_Incertae sedis",96,"Pezizomycotina_Incertae sedis",96,"Torula",96,"Torula caligans",96,828
"ASV831","ASV831","+","Fungi",100,"Basidiomycota",100,"Tremellomycetes",100,"Tremellales",100,"Tremellales_Incertae sedis",100,"Dioszegia",100,"Dioszegia_catarinonii|SH196960.06FU",82,831
"ASV834","ASV834","+","Fungi",100,"Ascomycota",99,"",58,"",58,"",58,"",58,"",58,834
"ASV839","ASV839","+","Fungi",100,"Ascomycota",89,"",42,"",42,"",42,"",42,"",24,839
"ASV840","ASV840","+","Fungi",100,"Ascomycota",95,"Dothideomycetes",87,"Pleosporales",86,"Lophiostomataceae",73,"Massarina",73,"Massarina igniaria",71,840
"ASV848","ASV848","+","Fungi",100,"Basidiomycota",100,"Microbotryomycetes",100,"Sporidiobolales",100,"Sporidiobolales_Incertae sedis",100,"Sporobolomyces",100,"Sporobolomyces gracilis",99,848
"ASV854","ASV854","+","Fungi",100,"Basidiomycota",73,"Tremellomycetes",100,"Tremellales",100,"Tremellales_unidentified",97,"Tremellales_unidentified_1",97,"Tremellales_sp|SH229400.06FU",97,854
"ASV855","ASV855","+","Fungi",100,"Ascomycota",100,"Dothideomycetes",100,"Dothideomycetes_Incertae sedis",100,"Dothideomycetes_Incertae sedis",100,"Peltaster",100,"Peltaster fructicola",100,855
"ASV870","ASV870","+","Fungi",100,"Ascomycota",92,"Dothideomycetes",91,"Pleosporales",89,"Fungi_unidentified_1_1",100,"Fungi_unidentified_1_1",100,"Fungi_sp|SH213113.06FU",100,870
"ASV873","ASV873","+","Fungi",100,"Ascomycota",88,"Ascomycota_unidentified",100,"Ascomycota_unidentified_1",100,"Ascomycota_unidentified_1",100,"Ascomycota_unidentified_1_1",100,"Ascomycota_sp|SH191099.06FU",100,873
"ASV874","ASV874","+","Fungi",100,"Ascomycota",82,"Dothideomycetes",100,"Pleosporales",100,"Incertae_sedis_13",100,"Periconia",100,"Periconia_sp_CY137|SH232019.06FU",100,874
"ASV878","ASV878","+","Fungi",100,"Basidiomycota",97,"Tremellomycetes",97,"Tremellales",97,"Tremellaceae",97,"Cryptococcus",97,"Cryptococcus paraflavus",97,878
"ASV880","ASV880","+","Fungi",100,"Basidiomycota",100,"Ustilaginomycetes",100,"Ustilaginales",100,"Ustilaginaceae",100,"Pseudozyma",76,"Pseudozyma churashimaensis",76,880
"ASV882","ASV882","+","Fungi",100,"Basidiomycota",100,"Agaricomycetes",100,"Russulales",100,"Stereaceae",100,"Stereum",100,"Stereum hirsutum",77,882
"ASV883","ASV883","+","Fungi",100,"Ascomycota",100,"Sordariomycetes",92,"Chaetosphaeriales",75,"",60,"",60,"",44,883
"ASV884","ASV884","+","Fungi",100,"Basidiomycota",96,"Tremellomycetes",93,"Tremellales",93,"Tremellales_Incertae sedis",93,"Bullera",92,"Bullera variabilis",92,884
"ASV885","ASV885","+","Fungi",100,"",23,"",23,"",23,"",23,"",23,"",9,885
"ASV889","ASV889","+","Fungi",100,"Basidiomycota",90,"Tremellomycetes",100,"Tremellales",100,"Incertae_sedis_12",100,"Cryptococcus_1",100,"Cryptococcus_sp_QMW_2009a|SH209978.06FU",100,889
"ASV897","ASV897","+","Fungi",100,"Ascomycota",100,"Dothideomycetes",100,"Pleosporales",100,"Leptosphaeriaceae",100,"Paraphoma",100,"Paraphoma chrysanthemicola",100,897
"ASV898","ASV898","+","Fungi",100,"Basidiomycota",100,"Microbotryomycetes",100,"Sporidiobolales",100,"Sporidiobolales_Incertae sedis",95,"Sporobolomyces",77,"Sporobolomyces_sp_Vega122|SH212607.06FU",100,898
"ASV904","ASV904","+","Fungi",100,"Ascomycota",79,"Dothideomycetes",100,"Pleosporales",100,"Incertae_sedis_13",100,"Periconia",100,"Periconia_sp|SH232015.06FU",100,904
"ASV905","ASV905","+","Fungi",100,"Ascomycota",98,"Dothideomycetes",97,"Pleosporales",85,"Phaeosphaeriaceae",83,"Phaeosphaeria",83,"Phaeosphaeria phragmitis",81,905
"ASV907","ASV907","+","Fungi",100,"Basidiomycota",100,"Agaricomycetes",100,"Corticiales",100,"Corticiaceae",100,"Waitea",100,"Rhizoctonia zeae",100,907
"ASV911","ASV911","+","Fungi",100,"Ascomycota",99,"Dothideomycetes",99,"Pleosporales",99,"Phaeosphaeriaceae",97,"Phaeosphaeria",92,"",22,911
"ASV912","ASV912","+","Fungi",100,"Ascomycota",100,"Sordariomycetes",100,"Hypocreales",100,"Hypocreales_Incertae sedis",96,"Myrothecium",95,"Myrothecium roridum",80,912
"ASV916","ASV916","+","Fungi",100,"Ascomycota",100,"Sordariomycetes",100,"Sordariomycetidae_Incertae sedis",94,"Apiosporaceae",94,"Arthrinium",94,"Arthrinium phaeospermum",91,916
"ASV924","ASV924","+","Fungi",100,"Ascomycota",77,"",15,"",15,"",15,"",12,"",12,924
"ASV927","ASV927","+","Fungi",100,"Ascomycota",99,"",65,"",65,"",65,"",65,"",65,927
"ASV930","ASV930","+","Fungi",100,"Ascomycota",99,"Dothideomycetes",99,"Pleosporales",99,"Lophiostomataceae",99,"Lophiostoma",99,"Pleosporales_sp|SH217121.06FU",100,930
"ASV931","ASV931","+","Fungi",100,"Ascomycota",100,"Dothideomycetes",100,"Dothideales",100,"Dothioraceae",100,"Hormonema",100,"Hormonema prunorum",100,931
"ASV934","ASV934","+","Fungi",100,"Ascomycota",100,"Dothideomycetes",100,"Capnodiales",100,"",39,"",37,"",37,934
"ASV936","ASV936","+","Fungi",100,"Ascomycota",99,"Dothideomycetes",96,"Pleosporales",95,"",62,"",58,"",58,936
"ASV937","ASV937","+","Fungi",100,"Basidiomycota",100,"Tremellomycetes",100,"Tremellales",100,"Tremellaceae",100,"Cryptococcus",100,"Cryptococcus dimennae",100,937
"ASV940","ASV940","+","Fungi",100,"Basidiomycota",100,"Agaricomycetes",100,"Russulales",100,"Peniophoraceae",100,"Peniophora",95,"",37,940
"ASV942","ASV942","+","Fungi",100,"Ascomycota",100,"Sordariomycetes",94,"Hypocreales",100,"Cordycipitaceae",100,"Isaria",100,"Isaria_sp|SH235678.06FU",100,942
"ASV946","ASV946","+","Fungi",100,"Ascomycota",94,"Dothideomycetes",90,"Pleosporales",88,"Lophiostomataceae",83,"Tetraploa",82,"Tetraploa aristata",82,946
"ASV948","ASV948","+","Fungi",100,"Ascomycota",98,"Dothideomycetes",97,"Pleosporales",86,"Phaeosphaeriaceae",84,"Phaeosphaeria",84,"Phaeosphaeria phragmitis",82,948
"ASV950","ASV950","+","Fungi",100,"Ascomycota",73,"Dothideomycetes",100,"Pleosporales",100,"Lophiostomataceae",100,"Lophiostoma",100,"Lophiostoma_fuckelii|SH237048.06FU",100,950
"ASV951","ASV951","+","Fungi",100,"Basidiomycota",100,"Agaricomycetes",100,"Agaricales",100,"Schizophyllaceae",100,"Schizophyllum",100,"Schizophyllum commune",100,951
"ASV954","ASV954","+","Fungi",100,"Basidiomycota",100,"Agaricomycetes",100,"Agaricales",99,"Strophariaceae",86,"",69,"",51,954
"ASV955","ASV955","+","Fungi",100,"Ascomycota",100,"Dothideomycetes",100,"Pleosporales",100,"Pleosporaceae",100,"Pyrenophora",100,"Drechslera biseptata",100,955
"ASV961","ASV961","+","Fungi",100,"Ascomycota",100,"Sordariomycetes",100,"Hypocreales",99,"Hypocreales_Incertae sedis",98,"Acremonium",78,"Acremonium implicatum",74,961
"ASV964","ASV964","+","Fungi",100,"Ascomycota",92,"Dothideomycetes",74,"Pleosporales",100,"Pleosporales_unidentified",97,"Pleosporales_unidentified_1",97,"Pleosporales_sp|SH238736.06FU",97,964
"ASV966","ASV966","+","Fungi",100,"Ascomycota",100,"Dothideomycetes",100,"Capnodiales",100,"Mycosphaerellaceae",99,"Mycosphaerella",99,"Passalora_loranthi|SH212677.06FU",71,966
"ASV977","ASV977","+","Fungi",100,"Ascomycota",100,"Sordariomycetes",100,"Xylariales",100,"Hyponectriaceae",99,"Microdochium",98,"Microdochium bolleyi",98,977
"ASV981","ASV981","+","Fungi",100,"Ascomycota",96,"Dothideomycetes",92,"Pleosporales",92,"Lophiostomataceae",88,"Lophiostoma",88,"",60,981
"ASV982","ASV982","+","Fungi",100,"Ascomycota",86,"Dothideomycetes",100,"Pleosporales",100,"Leptosphaeriaceae",100,"Coniothyrium",100,"Coniothyrium_sp_JK27|SH233607.06FU",100,982
"ASV988","ASV988","+","Fungi",100,"Ascomycota",100,"Sordariomycetes",83,"Sordariomycetes_unidentified",98,"Sordariomycetes_unidentified_1",98,"Sordariomycetes_unidentified_1",98,"",59,988
"ASV989","ASV989","+","Fungi",100,"Basidiomycota",100,"Agaricomycetes",100,"Polyporales",100,"Meruliaceae",92,"Phlebia",92,"Phlebia subochracea",90,989
"ASV993","ASV993","+","Fungi",100,"Basidiomycota",85,"Agaricomycetes",76,"",54,"",54,"",54,"",40,993
"ASV994","ASV994","+","Fungi",100,"Ascomycota",99,"Dothideomycetes",99,"Pleosporales",99,"Leptosphaeriaceae",97,"Leptosphaeria",97,"Leptosphaeria lindquistii",96,994
"ASV995","ASV995","+","Fungi",100,"Basidiomycota",100,"Agaricomycetes",100,"Agaricales",100,"Schizophyllaceae",100,"Schizophyllum",100,"Schizophyllum commune",99,995
"ASV997","ASV997","+","Fungi",100,"Ascomycota",100,"Dothideomycetes",97,"Capnodiales",97,"",32,"",32,"",32,997
"ASV998","ASV998","+","Fungi",100,"Basidiomycota",84,"Basidiomycota_unidentified",100,"Basidiomycota_unidentified_1",100,"Basidiomycota_unidentified_1",100,"Basidiomycota_unidentified_1_1",100,"Basidiomycota_sp|SH240850.06FU",100,998
"ASV1009","ASV1009","+","Fungi",100,"Ascomycota",100,"Sordariomycetes",100,"Hypocreales",99,"Hypocreales_Incertae sedis",97,"Myrothecium",96,"Myrothecium leucotrichum",96,1009
"ASV1024","ASV1024","+","Fungi",100,"Ascomycota",91,"",64,"",55,"",38,"",22,"",20,1024
"ASV1031","ASV1031","+","Fungi",100,"Ascomycota",81,"",6,"",6,"",6,"",4,"",4,1031
"ASV1033","ASV1033","+","Fungi",100,"Basidiomycota",100,"Microbotryomycetes",100,"Sporidiobolales",100,"Sporidiobolales_Incertae sedis",100,"Rhodotorula",100,"Rhodotorula ingeniosa",94,1033
"ASV1057","ASV1057","+","Fungi",100,"Ascomycota",98,"Dothideomycetes",98,"Capnodiales",81,"Mycosphaerellaceae",81,"Septoria",81,"Septoria arundinacea",81,1057
"ASV1060","ASV1060","+","Fungi",100,"Basidiomycota",100,"Agaricomycetes",100,"Russulales",100,"Peniophoraceae",100,"Peniophora",95,"Peniophora_laxitexta|SH234597.06FU",95,1060
"ASV1063","ASV1063","+","Fungi",100,"Ascomycota",71,"",48,"",48,"",46,"",46,"",45,1063
"ASV1064","ASV1064","+","Fungi",100,"Ascomycota",100,"Sordariomycetes",100,"Diaporthales",100,"Diaporthaceae",100,"Diaporthe",100,"Phomopsis longicolla",96,1064
"ASV1066","ASV1066","+","Fungi",100,"Basidiomycota",100,"Agaricomycetes",100,"Polyporales",100,"Steccherinaceae",100,"Irpex",100,"Irpex lacteus",99,1066
"ASV1067","ASV1067","+","Fungi",100,"Basidiomycota",100,"Exobasidiomycetes",100,"Entylomatales",100,"Entylomataceae",100,"Entyloma",100,"",68,1067
"ASV1076","ASV1076","+","Fungi",100,"Ascomycota",97,"Eurotiomycetes",100,"Chaetothyriales",100,"Chaetothyriales_unidentified",100,"Chaetothyriales_unidentified_1",100,"Chaetothyriales_sp|SH201524.06FU",100,1076
"ASV1079","ASV1079","+","Fungi",100,"Ascomycota",97,"Dothideomycetes",84,"Pleosporales",84,"Phaeosphaeriaceae",71,"Ascomycota_unidentified_1_1",100,"Ascomycota_sp|SH213440.06FU",97,1079
"ASV1086","ASV1086","+","Fungi",100,"Ascomycota",100,"Sordariomycetes",100,"Xylariales",98,"",60,"",60,"",60,1086
"ASV1087","ASV1087","+","Fungi",100,"Basidiomycota",92,"Tremellomycetes",84,"Tremellales",77,"Tremellaceae",74,"Cryptococcus",74,"",54,1087
"ASV1090","ASV1090","+","Fungi",100,"Ascomycota",76,"",60,"",60,"",60,"",60,"",28,1090
"ASV1110","ASV1110","+","Fungi",100,"Basidiomycota",100,"Exobasidiomycetes",99,"Tilletiales",99,"Tilletiaceae",99,"Tilletia",99,"Tilletia moliniae",75,1110
"ASV1112","ASV1112","+","Fungi",100,"Ascomycota",95,"Dothideomycetes",89,"Pleosporales",89,"Lophiostomataceae",79,"Massarina",79,"Massarina igniaria",77,1112
"ASV1113","ASV1113","+","Fungi",100,"Ascomycota",85,"Dothideomycetes",75,"Pleosporales",75,"Lophiostomataceae",71,"Lophiostoma",70,"Dothideomycetes_sp|SH217123.06FU",100,1113
"ASV1117","ASV1117","+","Fungi",100,"Ascomycota",99,"Sordariomycetes",98,"",65,"",54,"",12,"",12,1117
"ASV1118","ASV1118","+","Fungi",100,"Ascomycota",100,"Sordariomycetes",100,"Hypocreales",100,"Hypocreales_Incertae sedis",100,"Emericellopsis",100,"Hypocreales_sp|SH211523.06FU",92,1118
"ASV1123","ASV1123","+","Fungi",100,"Ascomycota",78,"Dothideomycetes",100,"Pleosporales",100,"Pleosporales_unidentified",100,"Pleosporales_unidentified_1",100,"Pleosporales_sp|SH232018.06FU",100,1123
"ASV1124","ASV1124","+","Fungi",100,"Ascomycota",78,"",57,"",52,"",22,"",13,"",13,1124
"ASV1127","ASV1127","+","Fungi",100,"Basidiomycota",86,"Agaricomycetes",74,"Auriculariales",86,"Incertae_sedis_28",73,"",47,"",36,1127
"ASV1131","ASV1131","+","Fungi",100,"Basidiomycota",100,"Agaricomycetes",100,"Polyporales",99,"Phanerochaetaceae",96,"Byssomerulius",96,"Byssomerulius_sp|SH205547.06FU",96,1131
"ASV1136","ASV1136","+","Fungi",100,"Basidiomycota",88,"Agaricomycetes",74,"Basidiomycota_unidentified_1",100,"Basidiomycota_unidentified_1",100,"Basidiomycota_unidentified_1_1",100,"Basidiomycota_sp|SH209801.06FU",100,1136
"ASV1181","ASV1181","+","Fungi",100,"Ascomycota",100,"Eurotiomycetes",100,"Chaetothyriales",100,"Chaetothyriales_Incertae sedis",100,"Strelitziana",100,"Strelitziana africana",100,1181
"ASV1196","ASV1196","+","Fungi",100,"Basidiomycota",100,"Agaricomycetes",100,"Polyporales",100,"Meruliaceae",100,"Phlebia",100,"Mycoacia fuscoatra",100,1196
"ASV1227","ASV1227","+","Fungi",100,"Basidiomycota",95,"Agaricomycetes",94,"",61,"",45,"",35,"",24,1227
